episode,reward,steps,success,epsilon,loss
1,-200.0,200,False,1.0,
2,-200.0,200,False,0.99962,
3,-200.0,200,False,0.99924,
4,-200.0,200,False,0.99886,
5,-200.0,200,False,0.99848,
6,-200.0,200,False,0.9981,
7,-200.0,200,False,0.99772,
8,-200.0,200,False,0.99734,
9,-141.0,162,False,0.99696,
10,-200.0,200,False,0.99658,
11,-200.0,200,False,0.9962,
12,-200.0,200,False,0.99582,
13,-200.0,200,False,0.99544,
14,-200.0,200,False,0.9950600000000001,
15,-200.0,200,False,0.99468,
16,-200.0,200,False,0.9943,
17,-200.0,200,False,0.99392,
18,-200.0,200,False,0.99354,
19,-200.0,200,False,0.99316,
20,-140.0,161,False,0.99278,
21,-64.0,85,False,0.9924,
22,-200.0,200,False,0.99202,
23,-200.0,200,False,0.99164,
24,-200.0,200,False,0.99126,
25,-200.0,200,False,0.99088,
26,-200.0,200,False,0.9905,
27,-41.0,62,False,0.99012,
28,-200.0,200,False,0.98974,
29,-200.0,200,False,0.98936,
30,-200.0,200,False,0.98898,
31,-38.0,59,False,0.9886,
32,-200.0,200,False,0.98822,
33,-200.0,200,False,0.98784,
34,-59.0,80,False,0.98746,
35,-200.0,200,False,0.98708,
36,-60.0,81,False,0.9867,
37,-200.0,200,False,0.98632,
38,-200.0,200,False,0.98594,
39,-200.0,200,False,0.98556,
40,-200.0,200,False,0.9851800000000001,
41,-200.0,200,False,0.9848,
42,-200.0,200,False,0.98442,
43,-141.0,162,False,0.98404,
44,-200.0,200,False,0.98366,
45,-200.0,200,False,0.98328,
46,-85.0,106,False,0.9829,
47,-200.0,200,False,0.98252,
48,-200.0,200,False,0.98214,
49,-200.0,200,False,0.98176,
50,-200.0,200,False,0.98138,
51,-200.0,200,False,0.981,
52,-200.0,200,False,0.98062,
53,-200.0,200,False,0.98024,
54,-200.0,200,False,0.97986,
55,-200.0,200,False,0.97948,
56,-200.0,200,False,0.9791,
57,-200.0,200,False,0.97872,
58,-200.0,200,False,0.97834,
59,-200.0,200,False,0.97796,
60,-200.0,200,False,0.97758,
61,-200.0,200,False,0.9772,
62,-200.0,200,False,0.97682,
63,-200.0,200,False,0.97644,
64,-200.0,200,False,0.97606,
65,-200.0,200,False,0.97568,
66,-200.0,200,False,0.9753000000000001,
67,-200.0,200,False,0.97492,
68,-200.0,200,False,0.97454,
69,-200.0,200,False,0.97416,
70,-200.0,200,False,0.97378,
71,-200.0,200,False,0.9734,
72,-200.0,200,False,0.97302,
73,-200.0,200,False,0.97264,
74,-200.0,200,False,0.97226,
75,-200.0,200,False,0.97188,
76,-200.0,200,False,0.9715,
77,-200.0,200,False,0.97112,
78,-200.0,200,False,0.97074,
79,-200.0,200,False,0.97036,
80,-200.0,200,False,0.96998,
81,-200.0,200,False,0.9696,
82,-200.0,200,False,0.96922,
83,-200.0,200,False,0.96884,
84,-200.0,200,False,0.96846,
85,-200.0,200,False,0.96808,
86,-200.0,200,False,0.9677,
87,-200.0,200,False,0.96732,
88,-200.0,200,False,0.96694,
89,-200.0,200,False,0.96656,
90,-200.0,200,False,0.96618,
91,-200.0,200,False,0.9658,
92,-200.0,200,False,0.96542,
93,-200.0,200,False,0.96504,
94,-151.0,172,False,0.96466,
95,-200.0,200,False,0.96428,
96,-200.0,200,False,0.9639,
97,-15.0,36,False,0.96352,
98,-200.0,200,False,0.96314,
99,-200.0,200,False,0.9627600000000001,
100,-19.0,40,False,0.96238,
101,-200.0,200,False,0.962,
102,-73.0,94,False,0.96162,
103,-200.0,200,False,0.96124,
104,-200.0,200,False,0.96086,
105,-200.0,200,False,0.96048,
106,-200.0,200,False,0.9601,
107,-200.0,200,False,0.95972,
108,-200.0,200,False,0.95934,
109,-200.0,200,False,0.95896,
110,-200.0,200,False,0.95858,
111,-200.0,200,False,0.9582,
112,-200.0,200,False,0.95782,
113,-200.0,200,False,0.95744,
114,-200.0,200,False,0.95706,
115,-200.0,200,False,0.95668,
116,-200.0,200,False,0.9563,
117,-200.0,200,False,0.95592,
118,-200.0,200,False,0.9555400000000001,
119,-200.0,200,False,0.95516,
120,-200.0,200,False,0.95478,
121,-200.0,200,False,0.9544,
122,-200.0,200,False,0.95402,
123,-84.0,105,False,0.95364,
124,-200.0,200,False,0.95326,
125,-200.0,200,False,0.95288,
126,-60.0,81,False,0.9525,
127,-200.0,200,False,0.95212,
128,-200.0,200,False,0.95174,
129,-200.0,200,False,0.95136,
130,-200.0,200,False,0.95098,
131,-200.0,200,False,0.9506,
132,-200.0,200,False,0.95022,
133,-200.0,200,False,0.94984,
134,-200.0,200,False,0.94946,
135,-200.0,200,False,0.94908,
136,-200.0,200,False,0.9487,
137,-200.0,200,False,0.94832,
138,-172.0,193,False,0.94794,
139,-200.0,200,False,0.94756,
140,-200.0,200,False,0.94718,
141,-200.0,200,False,0.9468,
142,-200.0,200,False,0.94642,
143,-200.0,200,False,0.94604,
144,-200.0,200,False,0.94566,
145,-101.0,122,False,0.94528,
146,-4.0,25,False,0.9449,
147,-93.0,114,False,0.94452,
148,-35.0,56,False,0.94414,
149,-31.0,52,False,0.94376,
150,-200.0,200,False,0.94338,
151,-200.0,200,False,0.9430000000000001,
152,-200.0,200,False,0.94262,
153,-200.0,200,False,0.94224,
154,-200.0,200,False,0.94186,
155,-200.0,200,False,0.94148,
156,-165.0,186,False,0.9411,
157,-9.0,30,False,0.94072,
158,-200.0,200,False,0.94034,
159,-200.0,200,False,0.93996,
160,-200.0,200,False,0.93958,
161,-58.0,79,False,0.9392,
162,-200.0,200,False,0.93882,
163,-200.0,200,False,0.93844,
164,-200.0,200,False,0.93806,
165,-200.0,200,False,0.93768,
166,-200.0,200,False,0.9373,
167,-200.0,200,False,0.93692,
168,-200.0,200,False,0.93654,
169,-200.0,200,False,0.93616,
170,-200.0,200,False,0.9357800000000001,
171,-200.0,200,False,0.9354,
172,-200.0,200,False,0.93502,
173,-200.0,200,False,0.93464,
174,-200.0,200,False,0.93426,
175,-200.0,200,False,0.93388,
176,-200.0,200,False,0.9335,
177,-117.0,138,False,0.93312,
178,-200.0,200,False,0.93274,
179,-66.0,87,False,0.93236,
180,-200.0,200,False,0.93198,
181,-200.0,200,False,0.9316,
182,-200.0,200,False,0.9312199999999999,
183,-200.0,200,False,0.93084,
184,-200.0,200,False,0.93046,
185,-200.0,200,False,0.93008,
186,-200.0,200,False,0.9297,
187,-200.0,200,False,0.92932,
188,-200.0,200,False,0.92894,
189,-200.0,200,False,0.92856,
190,-200.0,200,False,0.92818,
191,-200.0,200,False,0.9278,
192,-89.0,110,False,0.92742,
193,-131.0,152,False,0.92704,
194,-116.0,137,False,0.92666,
195,-200.0,200,False,0.92628,
196,-200.0,200,False,0.9259,
197,-200.0,200,False,0.92552,
198,-200.0,200,False,0.92514,
199,-200.0,200,False,0.92476,
200,-200.0,200,False,0.92438,
201,-200.0,200,False,0.924,
202,-200.0,200,False,0.92362,
203,-200.0,200,False,0.9232400000000001,
204,-200.0,200,False,0.92286,
205,-200.0,200,False,0.92248,
206,-81.0,102,False,0.9221,
207,-200.0,200,False,0.92172,
208,-200.0,200,False,0.92134,
209,-200.0,200,False,0.92096,
210,-200.0,200,False,0.92058,
211,-154.0,175,False,0.9202,
212,-200.0,200,False,0.91982,
213,-200.0,200,False,0.91944,
214,-200.0,200,False,0.91906,
215,-25.0,46,False,0.91868,
216,-200.0,200,False,0.9183,
217,-200.0,200,False,0.91792,
218,-200.0,200,False,0.91754,
219,-97.0,118,False,0.91716,
220,-200.0,200,False,0.91678,
221,-200.0,200,False,0.9164,
222,-200.0,200,False,0.9160200000000001,
223,-200.0,200,False,0.91564,
224,-200.0,200,False,0.91526,
225,-200.0,200,False,0.91488,
226,-174.0,195,False,0.9145,
227,-200.0,200,False,0.91412,
228,-200.0,200,False,0.91374,
229,-70.0,91,False,0.91336,
230,-55.0,76,False,0.91298,
231,-200.0,200,False,0.9126,
232,-200.0,200,False,0.91222,
233,-200.0,200,False,0.91184,
234,-200.0,200,False,0.9114599999999999,
235,-200.0,200,False,0.91108,
236,-200.0,200,False,0.9107000000000001,
237,-4.0,25,False,0.91032,
238,-200.0,200,False,0.90994,
239,-200.0,200,False,0.90956,
240,-200.0,200,False,0.90918,
241,-89.0,110,False,0.9088,
242,-200.0,200,False,0.90842,
243,-200.0,200,False,0.90804,
244,-138.0,159,False,0.90766,
245,-200.0,200,False,0.90728,
246,-115.0,136,False,0.9069,
247,-200.0,200,False,0.90652,
248,-93.0,114,False,0.90614,
249,-200.0,200,False,0.90576,
250,-200.0,200,False,0.90538,
251,-200.0,200,False,0.905,
252,-200.0,200,False,0.90462,
253,-200.0,200,False,0.90424,
254,-165.0,186,False,0.90386,
255,-200.0,200,False,0.9034800000000001,
256,-200.0,200,False,0.9031,
257,-200.0,200,False,0.90272,
258,-200.0,200,False,0.90234,
259,-200.0,200,False,0.90196,
260,-200.0,200,False,0.90158,
261,-127.0,148,False,0.9012,
262,-131.0,152,False,0.90082,
263,-111.0,132,False,0.90044,
264,-139.0,160,False,0.90006,
265,-200.0,200,False,0.89968,
266,-200.0,200,False,0.8993,
267,-35.0,56,False,0.89892,
268,-125.0,146,False,0.89854,
269,-200.0,200,False,0.89816,
270,-200.0,200,False,0.89778,
271,-149.0,170,False,0.8974,
272,-38.0,59,False,0.89702,
273,-200.0,200,False,0.89664,
274,-119.0,140,False,0.8962600000000001,
275,-160.0,181,False,0.89588,
276,-200.0,200,False,0.8955,
277,-200.0,200,False,0.89512,
278,-200.0,200,False,0.89474,
279,-200.0,200,False,0.89436,
280,-200.0,200,False,0.89398,
281,-200.0,200,False,0.8936,
282,-51.0,72,False,0.89322,
283,-200.0,200,False,0.89284,
284,-98.0,119,False,0.89246,
285,-53.0,74,False,0.89208,
286,-200.0,200,False,0.8917,
287,-143.0,164,False,0.89132,
288,-200.0,200,False,0.8909400000000001,
289,-200.0,200,False,0.89056,
290,-51.0,72,False,0.89018,
291,-200.0,200,False,0.8898,
292,-24.0,45,False,0.88942,
293,-102.0,123,False,0.88904,
294,-145.0,166,False,0.88866,
295,-200.0,200,False,0.88828,
296,-200.0,200,False,0.8879,
297,-200.0,200,False,0.88752,
298,-27.0,48,False,0.88714,
299,-101.0,122,False,0.88676,
300,-200.0,200,False,0.88638,
301,-24.0,45,False,0.886,
302,-70.0,91,False,0.8856200000000001,
303,-200.0,200,False,0.88524,
304,-151.0,172,False,0.88486,
305,-138.0,159,False,0.88448,
306,-200.0,200,False,0.8841,
307,-200.0,200,False,0.8837200000000001,
308,-200.0,200,False,0.88334,
309,-200.0,200,False,0.88296,
310,-116.0,137,False,0.88258,
311,-200.0,200,False,0.8822,
312,-200.0,200,False,0.88182,
313,-200.0,200,False,0.88144,
314,-48.0,69,False,0.88106,
315,-126.0,147,False,0.88068,
316,-200.0,200,False,0.8803,
317,-200.0,200,False,0.87992,
318,-200.0,200,False,0.87954,
319,-200.0,200,False,0.8791599999999999,
320,-176.0,197,False,0.87878,
321,-200.0,200,False,0.8784,
322,-200.0,200,False,0.87802,
323,-36.0,57,False,0.87764,
324,-4.0,25,False,0.87726,
325,-200.0,200,False,0.87688,
326,-200.0,200,False,0.8765000000000001,
327,-6.0,27,False,0.87612,
328,-53.0,74,False,0.87574,
329,-82.0,103,False,0.87536,
330,-200.0,200,False,0.87498,
331,-106.0,127,False,0.8746,
332,-65.0,86,False,0.87422,
333,-8.0,29,False,0.87384,
334,-77.0,98,False,0.87346,
335,-200.0,200,False,0.8730800000000001,
336,-64.0,85,False,0.8727,
337,-116.0,137,False,0.87232,
338,-200.0,200,False,0.8719399999999999,
339,-153.0,174,False,0.87156,
340,-200.0,200,False,0.8711800000000001,
341,-200.0,200,False,0.8708,
342,-156.0,177,False,0.87042,
343,-22.0,43,False,0.87004,
344,-121.0,142,False,0.86966,
345,-121.0,142,False,0.86928,
346,-175.0,196,False,0.8689,
347,-179.0,200,False,0.86852,
348,-200.0,200,False,0.86814,
349,-6.0,27,False,0.86776,
350,-200.0,200,False,0.86738,
351,-74.0,95,False,0.867,
352,-200.0,200,False,0.86662,
353,-200.0,200,False,0.86624,
354,-58.0,79,False,0.8658600000000001,
355,-39.0,60,False,0.86548,
356,-107.0,128,False,0.8651,
357,-200.0,200,False,0.86472,
358,-200.0,200,False,0.86434,
359,-200.0,200,False,0.8639600000000001,
360,-15.0,36,False,0.86358,
361,-114.0,135,False,0.8632,
362,-91.0,112,False,0.86282,
363,-200.0,200,False,0.86244,
364,-7.0,28,False,0.86206,
365,-79.0,100,False,0.86168,
366,-63.0,84,False,0.8613,
367,-55.0,76,False,0.86092,
368,-200.0,200,False,0.86054,
369,-89.0,110,False,0.86016,
370,-33.0,54,False,0.85978,
371,-200.0,200,False,0.8594,
372,-152.0,173,False,0.85902,
373,-45.0,66,False,0.8586400000000001,
374,-200.0,200,False,0.85826,
375,-102.0,123,False,0.85788,
376,-103.0,124,False,0.8575,
377,-166.0,187,False,0.85712,
378,-75.0,96,False,0.8567400000000001,
379,-177.0,198,False,0.85636,
380,-200.0,200,False,0.85598,
381,-166.0,187,False,0.8556,
382,-118.0,139,False,0.85522,
383,-200.0,200,False,0.85484,
384,-200.0,200,False,0.85446,
385,-200.0,200,False,0.85408,
386,-200.0,200,False,0.8537,
387,-59.0,80,False,0.85332,
388,-42.0,63,False,0.85294,
389,-3.0,24,False,0.85256,
390,-17.0,38,False,0.85218,
391,-200.0,200,False,0.8518,
392,-91.0,112,False,0.8514200000000001,
393,-200.0,200,False,0.85104,
394,-200.0,200,False,0.85066,
395,-200.0,200,False,0.85028,
396,-57.0,78,False,0.8499,
397,-55.0,76,False,0.84952,
398,-200.0,200,False,0.84914,
399,-200.0,200,False,0.84876,
400,-200.0,200,False,0.84838,
401,-200.0,200,False,0.848,
402,-200.0,200,False,0.84762,
403,-80.0,101,False,0.84724,
404,-157.0,178,False,0.84686,
405,-159.0,180,False,0.84648,
406,-200.0,200,False,0.8461,
407,-200.0,200,False,0.84572,
408,-108.0,129,False,0.84534,
409,-89.0,110,False,0.8449599999999999,
410,-168.0,189,False,0.84458,
411,-14.0,35,False,0.8442000000000001,
412,-200.0,200,False,0.84382,
413,-135.0,156,False,0.84344,
414,-70.0,91,False,0.84306,
415,-200.0,200,False,0.84268,
416,-161.0,182,False,0.8423,
417,2.0,19,True,0.84192,
418,-67.0,88,False,0.84154,
419,-30.0,51,False,0.84116,
420,-200.0,200,False,0.84078,
421,-200.0,200,False,0.8404,
422,-12.0,33,False,0.84002,
423,-200.0,200,False,0.8396399999999999,
424,-200.0,200,False,0.83926,
425,-200.0,200,False,0.8388800000000001,
426,-34.0,55,False,0.8385,
427,-64.0,85,False,0.83812,
428,-51.0,72,False,0.83774,
429,-115.0,136,False,0.83736,
430,-125.0,146,False,0.8369800000000001,
431,-162.0,183,False,0.8366,
432,-200.0,200,False,0.83622,
433,-200.0,200,False,0.83584,
434,-9.0,30,False,0.83546,
435,-61.0,82,False,0.83508,
436,-200.0,200,False,0.8347,
437,-42.0,63,False,0.83432,
438,-200.0,200,False,0.83394,
439,-167.0,188,False,0.8335600000000001,
440,-200.0,200,False,0.83318,
441,-200.0,200,False,0.8328,
442,-163.0,184,False,0.8324199999999999,
443,-25.0,46,False,0.83204,
444,-2.0,23,False,0.8316600000000001,
445,-200.0,200,False,0.83128,
446,-88.0,109,False,0.8309,
447,-200.0,200,False,0.83052,
448,-200.0,200,False,0.83014,
449,-200.0,200,False,0.82976,
450,-200.0,200,False,0.82938,
451,-75.0,96,False,0.829,
452,-200.0,200,False,0.82862,
453,-200.0,200,False,0.8282400000000001,
454,-200.0,200,False,0.82786,
455,-164.0,185,False,0.82748,
456,-131.0,152,False,0.8271,
457,-72.0,93,False,0.82672,
458,-200.0,200,False,0.8263400000000001,
459,-200.0,200,False,0.82596,
460,-51.0,72,False,0.82558,
461,-200.0,200,False,0.8252,
462,-21.0,42,False,0.82482,
463,-200.0,200,False,0.8244400000000001,
464,-117.0,138,False,0.82406,
465,-159.0,180,False,0.82368,
466,-200.0,200,False,0.8233,
467,-34.0,55,False,0.82292,
468,-43.0,64,False,0.82254,
469,-200.0,200,False,0.82216,
470,-52.0,73,False,0.82178,
471,-2.0,23,False,0.8214,
472,-125.0,146,False,0.82102,
473,-64.0,85,False,0.82064,
474,-200.0,200,False,0.82026,
475,-101.0,122,False,0.81988,
476,-68.0,89,False,0.8195,
477,-200.0,200,False,0.81912,
478,-200.0,200,False,0.81874,
479,-165.0,186,False,0.81836,
480,-200.0,200,False,0.81798,
481,-60.0,81,False,0.8176,
482,-50.0,71,False,0.8172200000000001,
483,-24.0,45,False,0.81684,
484,-77.0,98,False,0.81646,
485,-200.0,200,False,0.81608,
486,-39.0,60,False,0.8157,
487,-2.0,23,False,0.81532,
488,-111.0,132,False,0.81494,
489,-29.0,50,False,0.81456,
490,-53.0,74,False,0.81418,
491,-200.0,200,False,0.8138,
492,-200.0,200,False,0.81342,
493,-107.0,128,False,0.81304,
494,-200.0,200,False,0.81266,
495,-58.0,79,False,0.81228,
496,-32.0,53,False,0.8119000000000001,
497,-44.0,65,False,0.81152,
498,-200.0,200,False,0.81114,
499,-200.0,200,False,0.81076,
500,-200.0,200,False,0.81038,
501,-61.0,82,False,0.81,
502,-85.0,106,False,0.80962,
503,-200.0,200,False,0.80924,
504,-30.0,51,False,0.80886,
505,-83.0,104,False,0.80848,
506,-157.0,178,False,0.8081,
507,-62.0,83,False,0.80772,
508,-200.0,200,False,0.80734,
509,-200.0,200,False,0.80696,
510,-40.0,61,False,0.8065800000000001,
511,-82.0,103,False,0.8062,
512,-115.0,136,False,0.80582,
513,-200.0,200,False,0.8054399999999999,
514,-200.0,200,False,0.80506,
515,-23.0,44,False,0.8046800000000001,
516,-15.0,36,False,0.8043,
517,-15.0,36,False,0.80392,
518,-104.0,125,False,0.80354,
519,-200.0,200,False,0.80316,
520,-171.0,192,False,0.80278,
521,-146.0,167,False,0.8024,
522,-200.0,200,False,0.80202,
523,-200.0,200,False,0.80164,
524,-57.0,78,False,0.80126,
525,-70.0,91,False,0.80088,
526,-120.0,141,False,0.8005,
527,-153.0,174,False,0.8001199999999999,
528,-200.0,200,False,0.79974,
529,-41.0,62,False,0.7993600000000001,
530,-200.0,200,False,0.79898,
531,-71.0,92,False,0.7986,
532,-55.0,76,False,0.79822,
533,-63.0,84,False,0.79784,
534,-22.0,43,False,0.7974600000000001,
535,-30.0,51,False,0.79708,
536,-88.0,109,False,0.7967,
537,-200.0,200,False,0.79632,
538,-139.0,160,False,0.79594,
539,-169.0,190,False,0.79556,
540,-200.0,200,False,0.79518,
541,-133.0,154,False,0.7948,
542,-2.0,23,False,0.79442,
543,-37.0,58,False,0.7940400000000001,
544,-200.0,200,False,0.79366,
545,-79.0,100,False,0.79328,
546,-122.0,143,False,0.7929,
547,-118.0,139,False,0.79252,
548,-111.0,132,False,0.7921400000000001,
549,-47.0,68,False,0.79176,
550,-113.0,134,False,0.79138,
551,-38.0,59,False,0.791,
552,-46.0,67,False,0.79062,
553,-56.0,77,False,0.79024,
554,-89.0,110,False,0.78986,
555,-40.0,61,False,0.78948,
556,-29.0,50,False,0.7891,
557,-24.0,45,False,0.7887200000000001,
558,-155.0,176,False,0.78834,
559,6.0,15,True,0.78796,
560,-200.0,200,False,0.7875800000000001,
561,-46.0,67,False,0.7872,
562,-136.0,157,False,0.7868200000000001,
563,-113.0,134,False,0.78644,
564,-200.0,200,False,0.78606,
565,-69.0,90,False,0.78568,
566,-79.0,100,False,0.7853,
567,-105.0,126,False,0.7849200000000001,
568,-2.0,23,False,0.78454,
569,-112.0,133,False,0.78416,
570,-129.0,150,False,0.78378,
571,-1.0,22,False,0.7834,
572,-127.0,148,False,0.78302,
573,-200.0,200,False,0.78264,
574,-32.0,53,False,0.78226,
575,-200.0,200,False,0.78188,
576,-78.0,99,False,0.7815,
577,-52.0,73,False,0.78112,
578,-36.0,57,False,0.78074,
579,-200.0,200,False,0.78036,
580,-15.0,36,False,0.77998,
581,-50.0,71,False,0.7796,
582,-140.0,161,False,0.77922,
583,-37.0,58,False,0.77884,
584,-200.0,200,False,0.77846,
585,-76.0,97,False,0.77808,
586,-200.0,200,False,0.7777000000000001,
587,5.0,16,True,0.77732,
588,-13.0,34,False,0.77694,
589,-29.0,50,False,0.77656,
590,-200.0,200,False,0.77618,
591,-73.0,94,False,0.7758,
592,-200.0,200,False,0.77542,
593,-40.0,61,False,0.77504,
594,-170.0,191,False,0.77466,
595,-48.0,69,False,0.77428,
596,-13.0,34,False,0.7739,
597,-178.0,199,False,0.77352,
598,-115.0,136,False,0.7731399999999999,
599,-200.0,200,False,0.77276,
600,-83.0,104,False,0.7723800000000001,
601,-50.0,71,False,0.772,
602,-200.0,200,False,0.77162,
603,-53.0,74,False,0.77124,
604,-200.0,200,False,0.77086,
605,-200.0,200,False,0.77048,
606,-99.0,120,False,0.7701,
607,-57.0,78,False,0.76972,
608,-154.0,175,False,0.76934,
609,-50.0,71,False,0.76896,
610,-200.0,200,False,0.76858,
611,-31.0,52,False,0.7682,
612,-144.0,165,False,0.76782,
613,-200.0,200,False,0.76744,
614,-27.0,48,False,0.7670600000000001,
615,-66.0,87,False,0.76668,
616,-15.0,36,False,0.7663,
617,-4.0,25,False,0.7659199999999999,
618,-10.0,31,False,0.76554,
619,-89.0,110,False,0.7651600000000001,
620,3.0,18,True,0.76478,
621,-40.0,61,False,0.7644,
622,-200.0,200,False,0.76402,
623,-89.0,110,False,0.76364,
624,-73.0,94,False,0.76326,
625,-10.0,31,False,0.76288,
626,-62.0,83,False,0.7625,
627,-200.0,200,False,0.76212,
628,2.0,19,True,0.76174,
629,-48.0,69,False,0.76136,
630,-107.0,128,False,0.76098,
631,-109.0,130,False,0.7605999999999999,
632,-26.0,47,False,0.76022,
633,-37.0,58,False,0.75984,
634,-71.0,92,False,0.75946,
635,-103.0,124,False,0.75908,
636,-142.0,163,False,0.7587,
637,-20.0,41,False,0.75832,
638,-12.0,33,False,0.75794,
639,-86.0,107,False,0.75756,
640,-62.0,83,False,0.75718,
641,-127.0,148,False,0.7568,
642,-54.0,75,False,0.75642,
643,-41.0,62,False,0.75604,
644,-94.0,115,False,0.75566,
645,-48.0,69,False,0.75528,
646,-17.0,38,False,0.7549,
647,-9.0,30,False,0.75452,
648,-15.0,36,False,0.75414,
649,-55.0,76,False,0.75376,
650,-45.0,66,False,0.75338,
651,-15.0,36,False,0.753,
652,-200.0,200,False,0.75262,
653,-62.0,83,False,0.75224,
654,-28.0,49,False,0.75186,
655,-10.0,31,False,0.75148,
656,-42.0,63,False,0.7511,
657,-200.0,200,False,0.75072,
658,-66.0,87,False,0.75034,
659,-12.0,33,False,0.74996,
660,-51.0,72,False,0.74958,
661,-66.0,87,False,0.7492,
662,2.0,19,True,0.74882,
663,-200.0,200,False,0.74844,
664,-98.0,119,False,0.74806,
665,-111.0,132,False,0.74768,
666,-56.0,77,False,0.7473000000000001,
667,-83.0,104,False,0.74692,
668,-19.0,40,False,0.74654,
669,-95.0,116,False,0.74616,
670,-78.0,99,False,0.74578,
671,-34.0,55,False,0.7454000000000001,
672,-46.0,67,False,0.74502,
673,-1.0,22,False,0.74464,
674,-60.0,81,False,0.74426,
675,-9.0,30,False,0.74388,
676,-144.0,165,False,0.7435,
677,-24.0,45,False,0.74312,
678,-149.0,170,False,0.74274,
679,-42.0,63,False,0.74236,
680,-56.0,77,False,0.7419800000000001,
681,-138.0,159,False,0.7416,
682,-126.0,147,False,0.74122,
683,-20.0,41,False,0.7408399999999999,
684,-67.0,88,False,0.74046,
685,-14.0,35,False,0.7400800000000001,
686,-200.0,200,False,0.7397,
687,-200.0,200,False,0.73932,
688,-39.0,60,False,0.73894,
689,-38.0,59,False,0.73856,
690,-63.0,84,False,0.7381800000000001,
691,-68.0,89,False,0.7378,
692,-71.0,92,False,0.73742,
693,-200.0,200,False,0.73704,
694,-58.0,79,False,0.7366600000000001,
695,3.0,18,True,0.73628,
696,-128.0,149,False,0.7359,
697,5.0,16,True,0.73552,
698,-33.0,54,False,0.73514,
699,-123.0,144,False,0.7347600000000001,
700,-200.0,200,False,0.73438,
701,-47.0,68,False,0.734,
702,-54.0,75,False,0.73362,
703,-42.0,63,False,0.73324,
704,-200.0,200,False,0.7328600000000001,
705,-106.0,127,False,0.73248,
706,-51.0,72,False,0.7321,
707,-36.0,57,False,0.73172,
708,7.0,14,True,0.73134,
709,-34.0,55,False,0.73096,
710,-14.0,35,False,0.73058,
711,-8.0,29,False,0.7302,
712,-36.0,57,False,0.72982,
713,-200.0,200,False,0.7294400000000001,
714,-26.0,47,False,0.72906,
715,-7.0,28,False,0.72868,
716,-200.0,200,False,0.7283000000000001,
717,-7.0,28,False,0.72792,
718,-12.0,33,False,0.7275400000000001,
719,-200.0,200,False,0.72716,
720,-141.0,162,False,0.72678,
721,-68.0,89,False,0.7264,
722,-59.0,80,False,0.72602,
723,-49.0,70,False,0.7256400000000001,
724,-30.0,51,False,0.72526,
725,-13.0,34,False,0.72488,
726,-200.0,200,False,0.7245,
727,-4.0,25,False,0.7241200000000001,
728,-200.0,200,False,0.72374,
729,-64.0,85,False,0.72336,
730,-136.0,157,False,0.72298,
731,-178.0,199,False,0.7226,
732,-32.0,53,False,0.7222200000000001,
733,-23.0,44,False,0.72184,
734,-20.0,41,False,0.72146,
735,-89.0,110,False,0.7210799999999999,
736,-8.0,29,False,0.7207,
737,-151.0,172,False,0.7203200000000001,
738,-72.0,93,False,0.71994,
739,-28.0,49,False,0.71956,
740,-6.0,27,False,0.71918,
741,-11.0,32,False,0.7188000000000001,
742,-11.0,32,False,0.7184200000000001,
743,-19.0,40,False,0.71804,
744,-14.0,35,False,0.71766,
745,-50.0,71,False,0.71728,
746,-200.0,200,False,0.7169000000000001,
747,-57.0,78,False,0.71652,
748,-125.0,146,False,0.71614,
749,-37.0,58,False,0.71576,
750,-10.0,31,False,0.71538,
751,-51.0,72,False,0.7150000000000001,
752,-31.0,52,False,0.71462,
753,-156.0,177,False,0.71424,
754,-48.0,69,False,0.7138599999999999,
755,-69.0,90,False,0.7134800000000001,
756,-200.0,200,False,0.7131000000000001,
757,-146.0,167,False,0.71272,
758,-25.0,46,False,0.71234,
759,-78.0,99,False,0.7119599999999999,
760,-200.0,200,False,0.7115800000000001,
761,0.0,21,True,0.7112,
762,-95.0,116,False,0.71082,
763,-200.0,200,False,0.71044,
764,-39.0,60,False,0.7100599999999999,
765,-32.0,53,False,0.7096800000000001,
766,-62.0,83,False,0.7093,
767,-45.0,66,False,0.70892,
768,-14.0,35,False,0.70854,
769,-26.0,47,False,0.70816,
770,-115.0,136,False,0.7077800000000001,
771,-200.0,200,False,0.7074,
772,-150.0,171,False,0.70702,
773,-74.0,95,False,0.7066399999999999,
774,-17.0,38,False,0.7062600000000001,
775,-60.0,81,False,0.7058800000000001,
776,-138.0,159,False,0.7055,
777,-43.0,64,False,0.70512,
778,3.0,18,True,0.7047399999999999,
779,-10.0,31,False,0.7043600000000001,
780,-29.0,50,False,0.70398,
781,-88.0,109,False,0.7036,
782,5.0,16,True,0.70322,
783,-10.0,31,False,0.70284,
784,-55.0,76,False,0.7024600000000001,
785,-100.0,121,False,0.70208,
786,12.0,9,True,0.7017,
787,-14.0,35,False,0.7013199999999999,
788,-27.0,48,False,0.70094,
789,-3.0,24,False,0.7005600000000001,
790,-29.0,50,False,0.70018,
791,-31.0,52,False,0.6998,
792,-19.0,40,False,0.6994199999999999,
793,-200.0,200,False,0.69904,
794,-42.0,63,False,0.6986600000000001,
795,-200.0,200,False,0.69828,
796,-93.0,114,False,0.6979,
797,-56.0,77,False,0.6975199999999999,
798,-24.0,45,False,0.6971400000000001,
799,-138.0,159,False,0.69676,
800,-200.0,200,False,0.69638,
801,-62.0,83,False,0.696,
802,-135.0,156,False,0.69562,
803,-62.0,83,False,0.6952400000000001,
804,-63.0,84,False,0.69486,
805,-200.0,200,False,0.69448,
806,-49.0,70,False,0.6940999999999999,
807,-27.0,48,False,0.69372,
808,-169.0,190,False,0.6933400000000001,
809,-121.0,142,False,0.69296,
810,-119.0,140,False,0.69258,
811,-6.0,27,False,0.6921999999999999,
812,-15.0,36,False,0.69182,
813,-73.0,94,False,0.69144,
814,-31.0,52,False,0.69106,
815,-26.0,47,False,0.69068,
816,-200.0,200,False,0.6903,
817,-6.0,27,False,0.68992,
818,-200.0,200,False,0.68954,
819,-100.0,121,False,0.68916,
820,-200.0,200,False,0.68878,
821,-160.0,181,False,0.6884,
822,-7.0,28,False,0.68802,
823,-8.0,29,False,0.68764,
824,-62.0,83,False,0.68726,
825,-200.0,200,False,0.6868799999999999,
826,-200.0,200,False,0.6865,
827,2.0,19,True,0.6861200000000001,
828,-6.0,27,False,0.68574,
829,0.0,21,True,0.68536,
830,-200.0,200,False,0.68498,
831,-1.0,22,False,0.6846,
832,-74.0,95,False,0.68422,
833,-122.0,143,False,0.68384,
834,-200.0,200,False,0.68346,
835,3.0,18,True,0.68308,
836,-64.0,85,False,0.6827,
837,-22.0,43,False,0.68232,
838,-3.0,24,False,0.68194,
839,-3.0,24,False,0.6815599999999999,
840,-53.0,74,False,0.68118,
841,-9.0,30,False,0.6808000000000001,
842,-19.0,40,False,0.68042,
843,-34.0,55,False,0.68004,
844,-34.0,55,False,0.67966,
845,-200.0,200,False,0.67928,
846,-119.0,140,False,0.6789000000000001,
847,-200.0,200,False,0.67852,
848,-200.0,200,False,0.67814,
849,-4.0,25,False,0.67776,
850,-116.0,137,False,0.67738,
851,-3.0,24,False,0.677,
852,-27.0,48,False,0.67662,
853,-25.0,46,False,0.67624,
854,1.0,20,True,0.67586,
855,-129.0,150,False,0.6754800000000001,
856,-115.0,136,False,0.6751,
857,-21.0,42,False,0.67472,
858,-18.0,39,False,0.6743399999999999,
859,-111.0,132,False,0.67396,
860,-48.0,69,False,0.6735800000000001,
861,7.0,14,True,0.6732,
862,4.0,17,True,0.67282,
863,-40.0,61,False,0.67244,
864,-200.0,200,False,0.67206,
865,-5.0,26,False,0.67168,
866,-200.0,200,False,0.6713,
867,-31.0,52,False,0.67092,
868,-25.0,46,False,0.67054,
869,-99.0,120,False,0.6701600000000001,
870,-101.0,122,False,0.66978,
871,-26.0,47,False,0.6694,
872,-3.0,24,False,0.66902,
873,-3.0,24,False,0.66864,
874,-200.0,200,False,0.6682600000000001,
875,-4.0,25,False,0.66788,
876,-91.0,112,False,0.6675,
877,-78.0,99,False,0.66712,
878,-101.0,122,False,0.66674,
879,-150.0,171,False,0.6663600000000001,
880,-200.0,200,False,0.66598,
881,-14.0,35,False,0.6656,
882,-2.0,23,False,0.66522,
883,-36.0,57,False,0.66484,
884,-57.0,78,False,0.66446,
885,-26.0,47,False,0.66408,
886,-9.0,30,False,0.6637,
887,-23.0,44,False,0.66332,
888,-19.0,40,False,0.6629400000000001,
889,-200.0,200,False,0.66256,
890,-39.0,60,False,0.66218,
891,2.0,19,True,0.6618,
892,-27.0,48,False,0.66142,
893,-200.0,200,False,0.6610400000000001,
894,-35.0,56,False,0.66066,
895,-200.0,200,False,0.66028,
896,-200.0,200,False,0.6599,
897,-25.0,46,False,0.65952,
898,-6.0,27,False,0.6591400000000001,
899,-66.0,87,False,0.65876,
900,-94.0,115,False,0.65838,
901,-7.0,28,False,0.658,
902,-71.0,92,False,0.6576200000000001,
903,-134.0,155,False,0.65724,
904,-60.0,81,False,0.65686,
905,-3.0,24,False,0.6564800000000001,
906,-38.0,59,False,0.6561,
907,-166.0,187,False,0.6557200000000001,
908,-62.0,83,False,0.65534,
909,-15.0,36,False,0.65496,
910,-82.0,103,False,0.65458,
911,-200.0,200,False,0.6542,
912,-8.0,29,False,0.6538200000000001,
913,-200.0,200,False,0.65344,
914,-200.0,200,False,0.65306,
915,3.0,18,True,0.65268,
916,-200.0,200,False,0.6523000000000001,
917,-200.0,200,False,0.65192,
918,-116.0,137,False,0.65154,
919,-97.0,118,False,0.65116,
920,-9.0,30,False,0.65078,
921,-200.0,200,False,0.6504000000000001,
922,-95.0,116,False,0.65002,
923,-1.0,22,False,0.64964,
924,-146.0,167,False,0.6492600000000001,
925,-8.0,29,False,0.64888,
926,2.0,19,True,0.6485000000000001,
927,-38.0,59,False,0.64812,
928,-18.0,39,False,0.64774,
929,-200.0,200,False,0.64736,
930,-3.0,24,False,0.6469800000000001,
931,-59.0,80,False,0.6466000000000001,
932,-152.0,173,False,0.64622,
933,-5.0,26,False,0.64584,
934,7.0,14,True,0.64546,
935,-17.0,38,False,0.6450800000000001,
936,-47.0,68,False,0.6447,
937,-34.0,55,False,0.64432,
938,-52.0,73,False,0.64394,
939,-112.0,133,False,0.64356,
940,-16.0,37,False,0.6431800000000001,
941,11.0,10,True,0.6428,
942,-7.0,28,False,0.64242,
943,-49.0,70,False,0.6420399999999999,
944,-51.0,72,False,0.6416600000000001,
945,-21.0,42,False,0.6412800000000001,
946,1.0,20,True,0.6409,
947,5.0,16,True,0.64052,
948,-200.0,200,False,0.6401399999999999,
949,-5.0,26,False,0.6397600000000001,
950,-26.0,47,False,0.6393800000000001,
951,3.0,18,True,0.639,
952,-13.0,34,False,0.63862,
953,-13.0,34,False,0.6382399999999999,
954,-90.0,111,False,0.6378600000000001,
955,-200.0,200,False,0.63748,
956,-20.0,41,False,0.6371,
957,-3.0,24,False,0.63672,
958,-23.0,44,False,0.63634,
959,-6.0,27,False,0.6359600000000001,
960,-47.0,68,False,0.63558,
961,-63.0,84,False,0.6352,
962,-32.0,53,False,0.6348199999999999,
963,-12.0,33,False,0.6344400000000001,
964,-28.0,49,False,0.6340600000000001,
965,3.0,18,True,0.63368,
966,-60.0,81,False,0.6333,
967,-11.0,32,False,0.6329199999999999,
968,-12.0,33,False,0.6325400000000001,
969,-133.0,154,False,0.63216,
970,-46.0,67,False,0.63178,
971,-2.0,23,False,0.6314,
972,-4.0,25,False,0.6310199999999999,
973,-32.0,53,False,0.6306400000000001,
974,0.0,21,True,0.63026,
975,-5.0,26,False,0.62988,
976,-68.0,89,False,0.6295,
977,-133.0,154,False,0.62912,
978,-22.0,43,False,0.6287400000000001,
979,-28.0,49,False,0.62836,
980,-200.0,200,False,0.62798,
981,-18.0,39,False,0.6275999999999999,
982,-24.0,45,False,0.62722,
983,-28.0,49,False,0.6268400000000001,
984,-46.0,67,False,0.62646,
985,-61.0,82,False,0.62608,
986,-23.0,44,False,0.6256999999999999,
987,-55.0,76,False,0.6253200000000001,
988,-5.0,26,False,0.62494,
989,-144.0,165,False,0.62456,
990,-21.0,42,False,0.62418,
991,-200.0,200,False,0.6238,
992,-81.0,102,False,0.6234200000000001,
993,-67.0,88,False,0.62304,
994,-9.0,30,False,0.62266,
995,-4.0,25,False,0.6222799999999999,
996,-31.0,52,False,0.6219,
997,-166.0,187,False,0.6215200000000001,
998,9.0,12,True,0.62114,
999,-51.0,72,False,0.62076,
1000,-42.0,63,False,0.6203799999999999,
1001,-30.0,51,False,0.62,
1002,-200.0,200,False,0.6196200000000001,
1003,-39.0,60,False,0.61924,
1004,-9.0,30,False,0.61886,
1005,-125.0,146,False,0.61848,
1006,-11.0,32,False,0.6181,
1007,-8.0,29,False,0.61772,
1008,-51.0,72,False,0.61734,
1009,9.0,12,True,0.61696,
1010,1.0,20,True,0.61658,
1011,-200.0,200,False,0.6162,
1012,-4.0,25,False,0.61582,
1013,1.0,20,True,0.61544,
1014,-10.0,31,False,0.6150599999999999,
1015,-46.0,67,False,0.61468,
1016,-200.0,200,False,0.6143000000000001,
1017,-6.0,27,False,0.61392,
1018,-68.0,89,False,0.61354,
1019,-200.0,200,False,0.61316,
1020,-25.0,46,False,0.61278,
1021,-8.0,29,False,0.6124,
1022,-82.0,103,False,0.61202,
1023,-5.0,26,False,0.61164,
1024,-11.0,32,False,0.61126,
1025,-10.0,31,False,0.61088,
1026,-3.0,24,False,0.6105,
1027,-5.0,26,False,0.61012,
1028,-18.0,39,False,0.60974,
1029,-38.0,59,False,0.60936,
1030,-6.0,27,False,0.6089800000000001,
1031,-34.0,55,False,0.6086,
1032,-29.0,50,False,0.60822,
1033,-17.0,38,False,0.6078399999999999,
1034,-16.0,37,False,0.60746,
1035,-143.0,164,False,0.6070800000000001,
1036,-6.0,27,False,0.6067,
1037,-21.0,42,False,0.60632,
1038,2.0,19,True,0.60594,
1039,2.0,19,True,0.60556,
1040,-74.0,95,False,0.60518,
1041,-11.0,32,False,0.6048,
1042,-60.0,81,False,0.60442,
1043,-7.0,28,False,0.60404,
1044,-17.0,38,False,0.6036600000000001,
1045,-35.0,56,False,0.60328,
1046,-11.0,32,False,0.6029,
1047,-3.0,24,False,0.60252,
1048,-19.0,40,False,0.60214,
1049,-16.0,37,False,0.6017600000000001,
1050,-6.0,27,False,0.60138,
1051,-13.0,34,False,0.601,
1052,-37.0,58,False,0.60062,
1053,-23.0,44,False,0.60024,
1054,-71.0,92,False,0.5998600000000001,
1055,-200.0,200,False,0.59948,
1056,-88.0,109,False,0.5991,
1057,-26.0,47,False,0.59872,
1058,-8.0,29,False,0.59834,
1059,-10.0,31,False,0.59796,
1060,-33.0,54,False,0.59758,
1061,-41.0,62,False,0.5972,
1062,-96.0,117,False,0.59682,
1063,-11.0,32,False,0.5964400000000001,
1064,-28.0,49,False,0.59606,
1065,-120.0,141,False,0.59568,
1066,-104.0,125,False,0.5953,
1067,-200.0,200,False,0.59492,
1068,-80.0,101,False,0.5945400000000001,
1069,-200.0,200,False,0.59416,
1070,-74.0,95,False,0.59378,
1071,-14.0,35,False,0.5934,
1072,-200.0,200,False,0.59302,
1073,-45.0,66,False,0.5926400000000001,
1074,-118.0,139,False,0.59226,
1075,0.0,21,True,0.59188,
1076,-30.0,51,False,0.5915,
1077,6.0,15,True,0.5911200000000001,
1078,-120.0,141,False,0.59074,
1079,-25.0,46,False,0.59036,
1080,-14.0,35,False,0.5899800000000001,
1081,-59.0,80,False,0.5896,
1082,-200.0,200,False,0.5892200000000001,
1083,-19.0,40,False,0.58884,
1084,-26.0,47,False,0.58846,
1085,-24.0,45,False,0.58808,
1086,-9.0,30,False,0.5877,
1087,-6.0,27,False,0.5873200000000001,
1088,-3.0,24,False,0.58694,
1089,-79.0,100,False,0.58656,
1090,-6.0,27,False,0.58618,
1091,-24.0,45,False,0.5858000000000001,
1092,-54.0,75,False,0.58542,
1093,-200.0,200,False,0.58504,
1094,4.0,17,True,0.58466,
1095,-25.0,46,False,0.58428,
1096,4.0,17,True,0.5839000000000001,
1097,-5.0,26,False,0.58352,
1098,-139.0,160,False,0.58314,
1099,-73.0,94,False,0.5827600000000001,
1100,-52.0,73,False,0.58238,
1101,-28.0,49,False,0.5820000000000001,
1102,-7.0,28,False,0.58162,
1103,-39.0,60,False,0.58124,
1104,-200.0,200,False,0.58086,
1105,-48.0,69,False,0.5804800000000001,
1106,-22.0,43,False,0.5801000000000001,
1107,-4.0,25,False,0.57972,
1108,1.0,20,True,0.57934,
1109,-142.0,163,False,0.57896,
1110,-20.0,41,False,0.5785800000000001,
1111,6.0,15,True,0.5782,
1112,-108.0,129,False,0.57782,
1113,-36.0,57,False,0.5774400000000001,
1114,3.0,18,True,0.57706,
1115,11.0,10,True,0.5766800000000001,
1116,-10.0,31,False,0.5763,
1117,-74.0,95,False,0.57592,
1118,-200.0,200,False,0.57554,
1119,-20.0,41,False,0.5751600000000001,
1120,-100.0,121,False,0.5747800000000001,
1121,-1.0,22,False,0.5744,
1122,-5.0,26,False,0.57402,
1123,-5.0,26,False,0.57364,
1124,-113.0,134,False,0.5732600000000001,
1125,-60.0,81,False,0.5728800000000001,
1126,-200.0,200,False,0.5725,
1127,-18.0,39,False,0.57212,
1128,-3.0,24,False,0.57174,
1129,-13.0,34,False,0.5713600000000001,
1130,-200.0,200,False,0.57098,
1131,6.0,15,True,0.5706,
1132,-69.0,90,False,0.57022,
1133,-14.0,35,False,0.56984,
1134,-200.0,200,False,0.5694600000000001,
1135,5.0,16,True,0.56908,
1136,-108.0,129,False,0.5687,
1137,0.0,21,True,0.5683199999999999,
1138,-4.0,25,False,0.5679400000000001,
1139,-171.0,192,False,0.5675600000000001,
1140,-15.0,36,False,0.56718,
1141,-20.0,41,False,0.5668,
1142,-7.0,28,False,0.56642,
1143,-77.0,98,False,0.5660400000000001,
1144,-111.0,132,False,0.56566,
1145,-3.0,24,False,0.56528,
1146,-200.0,200,False,0.5649,
1147,-30.0,51,False,0.56452,
1148,-28.0,49,False,0.5641400000000001,
1149,5.0,16,True,0.56376,
1150,4.0,17,True,0.56338,
1151,-200.0,200,False,0.563,
1152,-13.0,34,False,0.5626200000000001,
1153,-200.0,200,False,0.5622400000000001,
1154,-2.0,23,False,0.56186,
1155,-112.0,133,False,0.56148,
1156,4.0,17,True,0.5610999999999999,
1157,-37.0,58,False,0.5607200000000001,
1158,-37.0,58,False,0.5603400000000001,
1159,-5.0,26,False,0.55996,
1160,-200.0,200,False,0.55958,
1161,-200.0,200,False,0.5591999999999999,
1162,-32.0,53,False,0.5588200000000001,
1163,-30.0,51,False,0.55844,
1164,-27.0,48,False,0.55806,
1165,-57.0,78,False,0.55768,
1166,-200.0,200,False,0.5573,
1167,-200.0,200,False,0.5569200000000001,
1168,4.0,17,True,0.55654,
1169,5.0,16,True,0.55616,
1170,3.0,18,True,0.5557799999999999,
1171,-4.0,25,False,0.5554,
1172,-134.0,155,False,0.5550200000000001,
1173,-44.0,65,False,0.55464,
1174,-1.0,22,False,0.55426,
1175,-26.0,47,False,0.5538799999999999,
1176,-21.0,42,False,0.5535000000000001,
1177,2.0,19,True,0.5531200000000001,
1178,2.0,19,True,0.55274,
1179,-200.0,200,False,0.55236,
1180,-87.0,108,False,0.55198,
1181,-7.0,28,False,0.5516000000000001,
1182,3.0,18,True,0.55122,
1183,-33.0,54,False,0.55084,
1184,-20.0,41,False,0.55046,
1185,-18.0,39,False,0.55008,
1186,7.0,14,True,0.5497000000000001,
1187,-15.0,36,False,0.54932,
1188,-200.0,200,False,0.54894,
1189,8.0,13,True,0.5485599999999999,
1190,1.0,20,True,0.54818,
1191,-12.0,33,False,0.5478000000000001,
1192,-1.0,22,False,0.54742,
1193,-200.0,200,False,0.54704,
1194,-200.0,200,False,0.54666,
1195,-19.0,40,False,0.54628,
1196,-7.0,28,False,0.5459,
1197,9.0,12,True,0.54552,
1198,-200.0,200,False,0.54514,
1199,0.0,21,True,0.54476,
1200,-4.0,25,False,0.54438,
1201,-18.0,39,False,0.544,
1202,-1.0,22,False,0.54362,
1203,-200.0,200,False,0.54324,
1204,-179.0,200,False,0.54286,
1205,-88.0,109,False,0.5424800000000001,
1206,8.0,13,True,0.5421,
1207,-7.0,28,False,0.54172,
1208,-28.0,49,False,0.5413399999999999,
1209,-35.0,56,False,0.54096,
1210,-33.0,54,False,0.5405800000000001,
1211,8.0,13,True,0.5402,
1212,-147.0,168,False,0.53982,
1213,-103.0,124,False,0.53944,
1214,2.0,19,True,0.53906,
1215,-1.0,22,False,0.53868,
1216,-200.0,200,False,0.5383,
1217,3.0,18,True,0.53792,
1218,-16.0,37,False,0.53754,
1219,-13.0,34,False,0.5371600000000001,
1220,-200.0,200,False,0.53678,
1221,-3.0,24,False,0.5364,
1222,-58.0,79,False,0.5360199999999999,
1223,-200.0,200,False,0.53564,
1224,6.0,15,True,0.5352600000000001,
1225,-200.0,200,False,0.53488,
1226,-80.0,101,False,0.5345,
1227,0.0,21,True,0.53412,
1228,-35.0,56,False,0.53374,
1229,10.0,11,True,0.5333600000000001,
1230,-16.0,37,False,0.53298,
1231,-7.0,28,False,0.5326,
1232,-22.0,43,False,0.53222,
1233,-62.0,83,False,0.53184,
1234,-8.0,29,False,0.53146,
1235,-25.0,46,False,0.53108,
1236,-123.0,144,False,0.5307,
1237,-9.0,30,False,0.53032,
1238,-22.0,43,False,0.5299400000000001,
1239,-200.0,200,False,0.52956,
1240,-200.0,200,False,0.52918,
1241,1.0,20,True,0.5288,
1242,6.0,15,True,0.52842,
1243,-25.0,46,False,0.5280400000000001,
1244,-57.0,78,False,0.52766,
1245,-9.0,30,False,0.52728,
1246,0.0,21,True,0.5269,
1247,1.0,20,True,0.52652,
1248,4.0,17,True,0.52614,
1249,-22.0,43,False,0.52576,
1250,-200.0,200,False,0.52538,
1251,0.0,21,True,0.525,
1252,8.0,13,True,0.5246200000000001,
1253,-124.0,145,False,0.52424,
1254,-200.0,200,False,0.52386,
1255,-117.0,138,False,0.52348,
1256,-200.0,200,False,0.5231,
1257,-10.0,31,False,0.5227200000000001,
1258,8.0,13,True,0.52234,
1259,-25.0,46,False,0.52196,
1260,-33.0,54,False,0.5215799999999999,
1261,-8.0,29,False,0.5212,
1262,-61.0,82,False,0.5208200000000001,
1263,-51.0,72,False,0.52044,
1264,-200.0,200,False,0.52006,
1265,-156.0,177,False,0.5196799999999999,
1266,-200.0,200,False,0.5193000000000001,
1267,-3.0,24,False,0.51892,
1268,-5.0,26,False,0.51854,
1269,-128.0,149,False,0.5181600000000001,
1270,-5.0,26,False,0.5177799999999999,
1271,-200.0,200,False,0.5174000000000001,
1272,-22.0,43,False,0.51702,
1273,-14.0,35,False,0.51664,
1274,-200.0,200,False,0.51626,
1275,-5.0,26,False,0.5158799999999999,
1276,-44.0,65,False,0.5155000000000001,
1277,-200.0,200,False,0.51512,
1278,-2.0,23,False,0.51474,
1279,-58.0,79,False,0.51436,
1280,-6.0,27,False,0.51398,
1281,4.0,17,True,0.5136000000000001,
1282,-13.0,34,False,0.51322,
1283,-200.0,200,False,0.51284,
1284,-2.0,23,False,0.51246,
1285,-17.0,38,False,0.5120800000000001,
1286,-1.0,22,False,0.5117,
1287,-41.0,62,False,0.51132,
1288,-5.0,26,False,0.51094,
1289,-2.0,23,False,0.51056,
1290,2.0,19,True,0.5101800000000001,
1291,-1.0,22,False,0.5098,
1292,-19.0,40,False,0.50942,
1293,-200.0,200,False,0.5090399999999999,
1294,-5.0,26,False,0.5086600000000001,
1295,-52.0,73,False,0.5082800000000001,
1296,5.0,16,True,0.5079,
1297,6.0,15,True,0.50752,
1298,-7.0,28,False,0.5071399999999999,
1299,-200.0,200,False,0.5067600000000001,
1300,-12.0,33,False,0.50638,
1301,9.0,12,True,0.506,
1302,-1.0,22,False,0.5056200000000001,
1303,-200.0,200,False,0.5052399999999999,
1304,-200.0,200,False,0.5048600000000001,
1305,-200.0,200,False,0.50448,
1306,-9.0,30,False,0.5041,
1307,-63.0,84,False,0.5037200000000001,
1308,-29.0,50,False,0.50334,
1309,-11.0,32,False,0.5029600000000001,
1310,-67.0,88,False,0.50258,
1311,-36.0,57,False,0.5022,
1312,-4.0,25,False,0.50182,
1313,-200.0,200,False,0.50144,
1314,7.0,14,True,0.5010600000000001,
1315,-147.0,168,False,0.50068,
1316,-15.0,36,False,0.5003,
1317,-200.0,200,False,0.49992000000000003,
1318,-7.0,28,False,0.49954,
1319,3.0,18,True,0.49916000000000005,
1320,-86.0,107,False,0.4987800000000001,
1321,-5.0,26,False,0.49839999999999995,
1322,-20.0,41,False,0.49802,
1323,-31.0,52,False,0.49763999999999997,
1324,-35.0,56,False,0.49726000000000004,
1325,11.0,10,True,0.4968800000000001,
1326,-200.0,200,False,0.49650000000000005,
1327,-167.0,188,False,0.49612,
1328,-5.0,26,False,0.49573999999999996,
1329,-6.0,27,False,0.49536,
1330,8.0,13,True,0.4949800000000001,
1331,-42.0,63,False,0.49460000000000004,
1332,-15.0,36,False,0.49422,
1333,-101.0,122,False,0.49383999999999995,
1334,-89.0,110,False,0.49346,
1335,-11.0,32,False,0.4930800000000001,
1336,-10.0,31,False,0.4927,
1337,-9.0,30,False,0.4923200000000001,
1338,-5.0,26,False,0.49193999999999993,
1339,-6.0,27,False,0.49156,
1340,-6.0,27,False,0.49118000000000006,
1341,-4.0,25,False,0.4908,
1342,-5.0,26,False,0.4904200000000001,
1343,8.0,13,True,0.4900399999999999,
1344,-38.0,59,False,0.48966,
1345,-129.0,150,False,0.48928000000000005,
1346,8.0,13,True,0.4889,
1347,2.0,19,True,0.48852000000000007,
1348,-178.0,199,False,0.48814000000000013,
1349,-39.0,60,False,0.48775999999999997,
1350,-5.0,26,False,0.48738000000000004,
1351,8.0,13,True,0.487,
1352,2.0,19,True,0.48662000000000005,
1353,-200.0,200,False,0.4862400000000001,
1354,2.0,19,True,0.48585999999999996,
1355,-50.0,71,False,0.48548,
1356,-11.0,32,False,0.4851,
1357,-17.0,38,False,0.48472000000000004,
1358,-13.0,34,False,0.4843400000000001,
1359,-4.0,25,False,0.48396000000000006,
1360,-3.0,24,False,0.48358,
1361,-8.0,29,False,0.48319999999999996,
1362,-2.0,23,False,0.48282,
1363,-11.0,32,False,0.4824400000000001,
1364,-1.0,22,False,0.48206000000000004,
1365,-7.0,28,False,0.48168,
1366,-109.0,130,False,0.48129999999999995,
1367,6.0,15,True,0.48092,
1368,-200.0,200,False,0.4805400000000001,
1369,-32.0,53,False,0.48016000000000003,
1370,-200.0,200,False,0.4797800000000001,
1371,-200.0,200,False,0.47939999999999994,
1372,7.0,14,True,0.47902,
1373,5.0,16,True,0.47864000000000007,
1374,-1.0,22,False,0.47826,
1375,-15.0,36,False,0.4778800000000001,
1376,-6.0,27,False,0.47750000000000004,
1377,-200.0,200,False,0.47712,
1378,6.0,15,True,0.47674000000000005,
1379,4.0,17,True,0.47636,
1380,-200.0,200,False,0.47598000000000007,
1381,-24.0,45,False,0.4756,
1382,-164.0,185,False,0.47522,
1383,-68.0,89,False,0.47484000000000004,
1384,-121.0,142,False,0.47446,
1385,-10.0,31,False,0.47408000000000006,
1386,-12.0,33,False,0.4737,
1387,-11.0,32,False,0.4733200000000001,
1388,-1.0,22,False,0.47294,
1389,-200.0,200,False,0.47256,
1390,7.0,14,True,0.47218000000000004,
1391,-39.0,60,False,0.4718,
1392,-77.0,98,False,0.47142000000000006,
1393,9.0,12,True,0.47104,
1394,-200.0,200,False,0.47065999999999997,
1395,-200.0,200,False,0.47028000000000003,
1396,-23.0,44,False,0.4699,
1397,-200.0,200,False,0.46952000000000005,
1398,3.0,18,True,0.4691400000000001,
1399,-200.0,200,False,0.46875999999999995,
1400,-3.0,24,False,0.46838,
1401,-1.0,22,False,0.46799999999999997,
1402,3.0,18,True,0.46762000000000004,
1403,-200.0,200,False,0.4672400000000001,
1404,-80.0,101,False,0.46685999999999994,
1405,-24.0,45,False,0.46648,
1406,-16.0,37,False,0.46609999999999996,
1407,-5.0,26,False,0.46572,
1408,-200.0,200,False,0.4653400000000001,
1409,-72.0,93,False,0.46496000000000004,
1410,-200.0,200,False,0.46458,
1411,-200.0,200,False,0.46420000000000006,
1412,-6.0,27,False,0.46382,
1413,6.0,15,True,0.4634400000000001,
1414,-73.0,94,False,0.46306,
1415,-200.0,200,False,0.46268,
1416,-3.0,24,False,0.46230000000000004,
1417,-11.0,32,False,0.46192,
1418,-52.0,73,False,0.46154000000000006,
1419,7.0,14,True,0.46116,
1420,-5.0,26,False,0.4607800000000001,
1421,-200.0,200,False,0.46040000000000003,
1422,7.0,14,True,0.46002,
1423,-3.0,24,False,0.45964000000000005,
1424,-16.0,37,False,0.45926,
1425,-200.0,200,False,0.45888000000000007,
1426,-200.0,200,False,0.4585,
1427,-14.0,35,False,0.45811999999999997,
1428,-4.0,25,False,0.45774000000000004,
1429,-138.0,159,False,0.45736,
1430,1.0,20,True,0.45698000000000005,
1431,8.0,13,True,0.4566000000000001,
1432,-5.0,26,False,0.45621999999999996,
1433,-5.0,26,False,0.45584,
1434,1.0,20,True,0.45546,
1435,9.0,12,True,0.45508000000000004,
1436,-200.0,200,False,0.4547000000000001,
1437,4.0,17,True,0.45432000000000006,
1438,-14.0,35,False,0.45394,
1439,1.0,20,True,0.45355999999999996,
1440,-200.0,200,False,0.45318,
1441,-18.0,39,False,0.4528000000000001,
1442,6.0,15,True,0.45242000000000004,
1443,-112.0,133,False,0.45204,
1444,5.0,16,True,0.45165999999999995,
1445,-52.0,73,False,0.45128,
1446,-77.0,98,False,0.4509000000000001,
1447,5.0,16,True,0.45052000000000003,
1448,-1.0,22,False,0.4501400000000001,
1449,0.0,21,True,0.44975999999999994,
1450,-200.0,200,False,0.44938,
1451,3.0,18,True,0.44900000000000007,
1452,-179.0,200,False,0.44862,
1453,-147.0,168,False,0.4482400000000001,
1454,-3.0,24,False,0.4478599999999999,
1455,-3.0,24,False,0.44748,
1456,-200.0,200,False,0.44710000000000005,
1457,-18.0,39,False,0.44672,
1458,-4.0,25,False,0.44634000000000007,
1459,-200.0,200,False,0.44596,
1460,-15.0,36,False,0.44558,
1461,-71.0,92,False,0.44520000000000004,
1462,-5.0,26,False,0.44482,
1463,-200.0,200,False,0.44444000000000006,
1464,5.0,16,True,0.44406,
1465,-7.0,28,False,0.44367999999999996,
1466,-136.0,157,False,0.4433,
1467,-11.0,32,False,0.44292,
1468,-200.0,200,False,0.44254000000000004,
1469,-126.0,147,False,0.44216,
1470,-118.0,139,False,0.44178000000000006,
1471,8.0,13,True,0.4414,
1472,-123.0,144,False,0.44101999999999997,
1473,8.0,13,True,0.44064000000000003,
1474,-31.0,52,False,0.4402600000000001,
1475,-200.0,200,False,0.43988000000000005,
1476,-200.0,200,False,0.4395,
1477,-4.0,25,False,0.43911999999999995,
1478,-15.0,36,False,0.43874,
1479,-47.0,68,False,0.4383600000000001,
1480,2.0,19,True,0.43798000000000004,
1481,-5.0,26,False,0.4376000000000001,
1482,-3.0,24,False,0.43721999999999994,
1483,-117.0,138,False,0.43684,
1484,6.0,15,True,0.43646000000000007,
1485,-200.0,200,False,0.43608,
1486,-18.0,39,False,0.4357000000000001,
1487,4.0,17,True,0.43532000000000004,
1488,-3.0,24,False,0.43494,
1489,7.0,14,True,0.43456000000000006,
1490,-5.0,26,False,0.43418,
1491,-10.0,31,False,0.4338000000000001,
1492,-200.0,200,False,0.43342,
1493,-200.0,200,False,0.43304,
1494,-200.0,200,False,0.43266000000000004,
1495,-200.0,200,False,0.43228,
1496,-200.0,200,False,0.43190000000000006,
1497,-38.0,59,False,0.43152,
1498,-200.0,200,False,0.4311400000000001,
1499,-68.0,89,False,0.43076000000000003,
1500,-42.0,63,False,0.43038,
1501,-19.0,40,False,0.43000000000000005,
1502,-200.0,200,False,0.42962,
1503,-148.0,169,False,0.42924000000000007,
1504,-200.0,200,False,0.42886,
1505,9.0,12,True,0.42847999999999997,
1506,1.0,20,True,0.42810000000000004,
1507,-200.0,200,False,0.42772,
1508,-17.0,38,False,0.42734000000000005,
1509,-200.0,200,False,0.4269600000000001,
1510,-76.0,97,False,0.42657999999999996,
1511,-10.0,31,False,0.4262,
1512,-16.0,37,False,0.42582,
1513,-2.0,23,False,0.42544000000000004,
1514,1.0,20,True,0.4250600000000001,
1515,0.0,21,True,0.42467999999999995,
1516,5.0,16,True,0.4243,
1517,-1.0,22,False,0.42391999999999996,
1518,-5.0,26,False,0.42354,
1519,4.0,17,True,0.4231600000000001,
1520,-1.0,22,False,0.42278000000000004,
1521,-27.0,48,False,0.4224,
1522,-10.0,31,False,0.42201999999999995,
1523,-200.0,200,False,0.42164,
1524,-22.0,43,False,0.4212600000000001,
1525,-200.0,200,False,0.42088000000000003,
1526,-40.0,61,False,0.4205,
1527,-200.0,200,False,0.42011999999999994,
1528,5.0,16,True,0.41974,
1529,13.0,8,True,0.41936000000000007,
1530,-172.0,193,False,0.41898,
1531,1.0,20,True,0.4186000000000001,
1532,2.0,19,True,0.4182199999999999,
1533,-200.0,200,False,0.41784,
1534,-1.0,22,False,0.41746000000000005,
1535,-200.0,200,False,0.41708,
1536,3.0,18,True,0.41670000000000007,
1537,-200.0,200,False,0.41632,
1538,-2.0,23,False,0.41594,
1539,-200.0,200,False,0.41556000000000004,
1540,12.0,9,True,0.41518,
1541,-200.0,200,False,0.41480000000000006,
1542,6.0,15,True,0.4144200000000001,
1543,-200.0,200,False,0.41403999999999996,
1544,-22.0,43,False,0.41366,
1545,-200.0,200,False,0.41328,
1546,-200.0,200,False,0.41290000000000004,
1547,-200.0,200,False,0.4125200000000001,
1548,15.0,6,True,0.41214000000000006,
1549,-165.0,186,False,0.41176,
1550,-3.0,24,False,0.41137999999999997,
1551,-13.0,34,False,0.41100000000000003,
1552,-200.0,200,False,0.4106200000000001,
1553,-10.0,31,False,0.41024000000000005,
1554,-121.0,142,False,0.40986,
1555,-2.0,23,False,0.40947999999999996,
1556,-62.0,83,False,0.4091,
1557,-1.0,22,False,0.4087200000000001,
1558,3.0,18,True,0.40834000000000004,
1559,-101.0,122,False,0.4079600000000001,
1560,7.0,14,True,0.40757999999999994,
1561,-111.0,132,False,0.4072,
1562,2.0,19,True,0.40682000000000007,
1563,-70.0,91,False,0.40644,
1564,2.0,19,True,0.4060600000000001,
1565,-118.0,139,False,0.40568000000000004,
1566,-200.0,200,False,0.4053,
1567,-152.0,173,False,0.40492000000000006,
1568,5.0,16,True,0.40454,
1569,7.0,14,True,0.4041600000000001,
1570,-3.0,24,False,0.40378000000000003,
1571,-6.0,27,False,0.4034,
1572,1.0,20,True,0.40302000000000004,
1573,-3.0,24,False,0.40264,
1574,0.0,21,True,0.40226000000000006,
1575,-119.0,140,False,0.40188,
1576,-118.0,139,False,0.4015000000000001,
1577,-200.0,200,False,0.40112000000000003,
1578,-104.0,125,False,0.40074,
1579,-20.0,41,False,0.40036000000000005,
1580,-200.0,200,False,0.39998,
1581,-71.0,92,False,0.39960000000000007,
1582,5.0,16,True,0.39922,
1583,-7.0,28,False,0.39884,
1584,6.0,15,True,0.39846000000000004,
1585,-200.0,200,False,0.39808,
1586,-18.0,39,False,0.39770000000000005,
1587,-1.0,22,False,0.3973200000000001,
1588,-160.0,181,False,0.39693999999999996,
1589,-200.0,200,False,0.39656,
1590,4.0,17,True,0.39618,
1591,12.0,9,True,0.39580000000000004,
1592,-200.0,200,False,0.3954200000000001,
1593,-200.0,200,False,0.39503999999999995,
1594,7.0,14,True,0.39466,
1595,-5.0,26,False,0.3942800000000001,
1596,-2.0,23,False,0.39390000000000003,
1597,-7.0,28,False,0.3935200000000001,
1598,9.0,12,True,0.39314000000000004,
1599,-6.0,27,False,0.39276,
1600,-200.0,200,False,0.39238000000000006,
1601,-59.0,80,False,0.392,
1602,7.0,14,True,0.3916200000000001,
1603,-3.0,24,False,0.39124000000000003,
1604,10.0,11,True,0.39086,
1605,-157.0,178,False,0.39048000000000005,
1606,-3.0,24,False,0.3901,
1607,-200.0,200,False,0.38972000000000007,
1608,-200.0,200,False,0.38934,
1609,-4.0,25,False,0.3889600000000001,
1610,-76.0,97,False,0.38858000000000004,
1611,-2.0,23,False,0.3882,
1612,-4.0,25,False,0.38782000000000005,
1613,-68.0,89,False,0.38744,
1614,-3.0,24,False,0.38706000000000007,
1615,-119.0,140,False,0.38668,
1616,-11.0,32,False,0.3863,
1617,11.0,10,True,0.38592000000000004,
1618,-200.0,200,False,0.38554,
1619,8.0,13,True,0.38516000000000006,
1620,7.0,14,True,0.3847800000000001,
1621,-9.0,30,False,0.38439999999999996,
1622,5.0,16,True,0.38402000000000003,
1623,-200.0,200,False,0.38364,
1624,14.0,7,True,0.38326000000000005,
1625,-123.0,144,False,0.3828800000000001,
1626,-200.0,200,False,0.38250000000000006,
1627,-21.0,42,False,0.38212,
1628,2.0,19,True,0.38173999999999997,
1629,-200.0,200,False,0.38136000000000003,
1630,9.0,12,True,0.3809800000000001,
1631,5.0,16,True,0.38060000000000005,
1632,-16.0,37,False,0.38022,
1633,-84.0,105,False,0.37983999999999996,
1634,-68.0,89,False,0.37946,
1635,-12.0,33,False,0.3790800000000001,
1636,-9.0,30,False,0.37870000000000004,
1637,-5.0,26,False,0.3783200000000001,
1638,-200.0,200,False,0.37793999999999994,
1639,-5.0,26,False,0.37756,
1640,-8.0,29,False,0.37718000000000007,
1641,4.0,17,True,0.3768,
1642,11.0,10,True,0.3764200000000001,
1643,-200.0,200,False,0.37603999999999993,
1644,2.0,19,True,0.37566,
1645,-25.0,46,False,0.37528000000000006,
1646,-138.0,159,False,0.3749,
1647,-3.0,24,False,0.3745200000000001,
1648,14.0,7,True,0.37414000000000003,
1649,-96.0,117,False,0.37376,
1650,-200.0,200,False,0.37338000000000005,
1651,-200.0,200,False,0.373,
1652,-66.0,87,False,0.37262000000000006,
1653,-126.0,147,False,0.37224,
1654,-19.0,40,False,0.37185999999999997,
1655,2.0,19,True,0.37148000000000003,
1656,-7.0,28,False,0.3711,
1657,11.0,10,True,0.37072000000000005,
1658,5.0,16,True,0.3703400000000001,
1659,6.0,15,True,0.36996000000000007,
1660,-200.0,200,False,0.36958,
1661,7.0,14,True,0.3692,
1662,-200.0,200,False,0.36882000000000004,
1663,-9.0,30,False,0.3684400000000001,
1664,-166.0,187,False,0.36806000000000005,
1665,-10.0,31,False,0.36768,
1666,-143.0,164,False,0.36729999999999996,
1667,-101.0,122,False,0.36692,
1668,4.0,17,True,0.3665400000000001,
1669,-200.0,200,False,0.36616000000000004,
1670,-200.0,200,False,0.3657800000000001,
1671,-200.0,200,False,0.36539999999999995,
1672,-91.0,112,False,0.36502,
1673,5.0,16,True,0.3646400000000001,
1674,-4.0,25,False,0.36426000000000003,
1675,-150.0,171,False,0.3638800000000001,
1676,9.0,12,True,0.36350000000000005,
1677,-4.0,25,False,0.36312,
1678,-200.0,200,False,0.36274000000000006,
1679,2.0,19,True,0.36236,
1680,-19.0,40,False,0.3619800000000001,
1681,5.0,16,True,0.36160000000000003,
1682,-13.0,34,False,0.36122,
1683,4.0,17,True,0.36084000000000005,
1684,-200.0,200,False,0.36046,
1685,7.0,14,True,0.36008000000000007,
1686,-18.0,39,False,0.3597,
1687,10.0,11,True,0.3593200000000001,
1688,1.0,20,True,0.35894000000000004,
1689,5.0,16,True,0.35856,
1690,-30.0,51,False,0.35818000000000005,
1691,-4.0,25,False,0.3578,
1692,9.0,12,True,0.35742000000000007,
1693,4.0,17,True,0.35704,
1694,-2.0,23,False,0.35666,
1695,-200.0,200,False,0.35628000000000004,
1696,10.0,11,True,0.3559,
1697,-8.0,29,False,0.35552000000000006,
1698,12.0,9,True,0.3551400000000001,
1699,0.0,21,True,0.35475999999999996,
1700,9.0,12,True,0.35438000000000003,
1701,6.0,15,True,0.354,
1702,-5.0,26,False,0.35362000000000005,
1703,1.0,20,True,0.3532400000000001,
1704,12.0,9,True,0.35285999999999995,
1705,-2.0,23,False,0.35248,
1706,1.0,20,True,0.35209999999999997,
1707,-16.0,37,False,0.35172000000000003,
1708,-200.0,200,False,0.3513400000000001,
1709,2.0,19,True,0.35096000000000005,
1710,4.0,17,True,0.35058,
1711,-36.0,57,False,0.35019999999999996,
1712,5.0,16,True,0.34982,
1713,1.0,20,True,0.3494400000000001,
1714,-62.0,83,False,0.34906000000000004,
1715,-9.0,30,False,0.34868,
1716,-110.0,131,False,0.34829999999999994,
1717,9.0,12,True,0.34792,
1718,-200.0,200,False,0.34754000000000007,
1719,-165.0,186,False,0.34716,
1720,4.0,17,True,0.3467800000000001,
1721,1.0,20,True,0.34640000000000004,
1722,8.0,13,True,0.34602,
1723,-200.0,200,False,0.34564000000000006,
1724,6.0,15,True,0.34526,
1725,13.0,8,True,0.3448800000000001,
1726,2.0,19,True,0.34450000000000003,
1727,4.0,17,True,0.34412,
1728,-26.0,47,False,0.34374000000000005,
1729,-200.0,200,False,0.34336,
1730,-200.0,200,False,0.34298000000000006,
1731,11.0,10,True,0.3426000000000001,
1732,10.0,11,True,0.34221999999999997,
1733,-6.0,27,False,0.34184000000000003,
1734,-100.0,121,False,0.34146,
1735,-62.0,83,False,0.34108000000000005,
1736,-25.0,46,False,0.3407000000000001,
1737,6.0,15,True,0.34032000000000007,
1738,-1.0,22,False,0.33994,
1739,3.0,18,True,0.33956,
1740,-9.0,30,False,0.33918000000000004,
1741,-200.0,200,False,0.3388000000000001,
1742,3.0,18,True,0.33842000000000005,
1743,9.0,12,True,0.33804,
1744,-4.0,25,False,0.33765999999999996,
1745,-149.0,170,False,0.33728,
1746,0.0,21,True,0.3369000000000001,
1747,3.0,18,True,0.33652000000000004,
1748,-200.0,200,False,0.3361400000000001,
1749,9.0,12,True,0.33575999999999995,
1750,-20.0,41,False,0.33538,
1751,7.0,14,True,0.3350000000000001,
1752,-200.0,200,False,0.33462000000000003,
1753,-2.0,23,False,0.3342400000000001,
1754,3.0,18,True,0.33385999999999993,
1755,-85.0,106,False,0.33348,
1756,-8.0,29,False,0.33310000000000006,
1757,9.0,12,True,0.33272,
1758,-23.0,44,False,0.3323400000000001,
1759,-119.0,140,False,0.33196000000000003,
1760,-9.0,30,False,0.33158,
1761,-140.0,161,False,0.33120000000000005,
1762,-6.0,27,False,0.33082,
1763,5.0,16,True,0.33044000000000007,
1764,5.0,16,True,0.33006,
1765,-76.0,97,False,0.32968,
1766,4.0,17,True,0.32930000000000004,
1767,-49.0,70,False,0.32892,
1768,-13.0,34,False,0.32854000000000005,
1769,-15.0,36,False,0.32816,
1770,9.0,12,True,0.32778000000000007,
1771,2.0,19,True,0.3274,
1772,-9.0,30,False,0.32702,
1773,-63.0,84,False,0.32664000000000004,
1774,-200.0,200,False,0.32626,
1775,2.0,19,True,0.32588000000000006,
1776,-200.0,200,False,0.3255,
1777,-200.0,200,False,0.32511999999999996,
1778,-200.0,200,False,0.32474000000000003,
1779,9.0,12,True,0.32436,
1780,-147.0,168,False,0.32398000000000005,
1781,-101.0,122,False,0.3236000000000001,
1782,12.0,9,True,0.32321999999999995,
1783,-56.0,77,False,0.32284,
1784,-200.0,200,False,0.3224600000000001,
1785,-14.0,35,False,0.32208000000000003,
1786,-200.0,200,False,0.3217000000000001,
1787,-3.0,24,False,0.32132000000000005,
1788,8.0,13,True,0.32094,
1789,7.0,14,True,0.32056000000000007,
1790,1.0,20,True,0.32018,
1791,-8.0,29,False,0.3198000000000001,
1792,2.0,19,True,0.31942000000000004,
1793,-110.0,131,False,0.31904,
1794,4.0,17,True,0.31866000000000005,
1795,-56.0,77,False,0.31828,
1796,1.0,20,True,0.31790000000000007,
1797,-5.0,26,False,0.31752,
1798,-200.0,200,False,0.3171400000000001,
1799,-200.0,200,False,0.31676000000000004,
1800,8.0,13,True,0.31638,
1801,-40.0,61,False,0.31600000000000006,
1802,10.0,11,True,0.31562,
1803,-63.0,84,False,0.3152400000000001,
1804,-28.0,49,False,0.31486000000000003,
1805,6.0,15,True,0.31448,
1806,11.0,10,True,0.31410000000000005,
1807,2.0,19,True,0.31372,
1808,-200.0,200,False,0.31334000000000006,
1809,-200.0,200,False,0.3129600000000001,
1810,9.0,12,True,0.31257999999999997,
1811,-147.0,168,False,0.31220000000000003,
1812,-82.0,103,False,0.31182,
1813,-2.0,23,False,0.31144000000000005,
1814,-6.0,27,False,0.3110600000000001,
1815,-3.0,24,False,0.31067999999999996,
1816,-51.0,72,False,0.3103,
1817,-200.0,200,False,0.30992,
1818,-11.0,32,False,0.30954000000000004,
1819,-3.0,24,False,0.3091600000000001,
1820,6.0,15,True,0.30878000000000005,
1821,-19.0,40,False,0.3084,
1822,15.0,6,True,0.30801999999999996,
1823,4.0,17,True,0.30764,
1824,-3.0,24,False,0.3072600000000001,
1825,-30.0,51,False,0.30688000000000004,
1826,-9.0,30,False,0.3065,
1827,-5.0,26,False,0.30611999999999995,
1828,-200.0,200,False,0.30574,
1829,7.0,14,True,0.3053600000000001,
1830,6.0,15,True,0.30498000000000003,
1831,-18.0,39,False,0.3046000000000001,
1832,8.0,13,True,0.30421999999999993,
1833,-102.0,123,False,0.30384,
1834,3.0,18,True,0.30346000000000006,
1835,-72.0,93,False,0.30308,
1836,8.0,13,True,0.3027000000000001,
1837,11.0,10,True,0.30232000000000003,
1838,3.0,18,True,0.30194,
1839,-38.0,59,False,0.30156000000000005,
1840,4.0,17,True,0.30118,
1841,3.0,18,True,0.30080000000000007,
1842,-200.0,200,False,0.30042,
1843,3.0,18,True,0.30004,
1844,-200.0,200,False,0.29966000000000004,
1845,-200.0,200,False,0.29928,
1846,-200.0,200,False,0.29890000000000005,
1847,-200.0,200,False,0.2985200000000001,
1848,-21.0,42,False,0.29814000000000007,
1849,-20.0,41,False,0.29776,
1850,-2.0,23,False,0.29738,
1851,11.0,10,True,0.29700000000000004,
1852,6.0,15,True,0.2966200000000001,
1853,5.0,16,True,0.29624000000000006,
1854,-81.0,102,False,0.29586,
1855,-200.0,200,False,0.29547999999999996,
1856,-21.0,42,False,0.29510000000000003,
1857,-43.0,64,False,0.2947200000000001,
1858,-44.0,65,False,0.29434000000000005,
1859,0.0,21,True,0.2939600000000001,
1860,-200.0,200,False,0.29357999999999995,
1861,8.0,13,True,0.2932,
1862,4.0,17,True,0.2928200000000001,
1863,2.0,19,True,0.29244000000000003,
1864,-2.0,23,False,0.2920600000000001,
1865,3.0,18,True,0.29167999999999994,
1866,-200.0,200,False,0.2913,
1867,3.0,18,True,0.29092000000000007,
1868,-200.0,200,False,0.29054,
1869,-89.0,110,False,0.2901600000000001,
1870,14.0,7,True,0.28978000000000004,
1871,1.0,20,True,0.2894,
1872,1.0,20,True,0.28902000000000005,
1873,-66.0,87,False,0.28864,
1874,9.0,12,True,0.28826000000000007,
1875,-57.0,78,False,0.28788,
1876,7.0,14,True,0.2875000000000001,
1877,3.0,18,True,0.28712000000000004,
1878,-5.0,26,False,0.28674,
1879,-48.0,69,False,0.28636000000000006,
1880,-200.0,200,False,0.28598,
1881,-160.0,181,False,0.2856000000000001,
1882,-138.0,159,False,0.28522000000000003,
1883,8.0,13,True,0.28484,
1884,-200.0,200,False,0.28446000000000005,
1885,-5.0,26,False,0.28408,
1886,-200.0,200,False,0.28370000000000006,
1887,-94.0,115,False,0.2833200000000001,
1888,6.0,15,True,0.28293999999999997,
1889,-67.0,88,False,0.28256000000000003,
1890,-93.0,114,False,0.28218,
1891,-200.0,200,False,0.28180000000000005,
1892,-200.0,200,False,0.2814200000000001,
1893,0.0,21,True,0.28103999999999996,
1894,9.0,12,True,0.28066,
1895,-200.0,200,False,0.28028,
1896,4.0,17,True,0.27990000000000004,
1897,-200.0,200,False,0.2795200000000001,
1898,-200.0,200,False,0.27914000000000005,
1899,-200.0,200,False,0.27876,
1900,-2.0,23,False,0.27837999999999996,
1901,0.0,21,True,0.278,
1902,5.0,16,True,0.2776200000000001,
1903,-200.0,200,False,0.27724000000000004,
1904,-17.0,38,False,0.27686,
1905,-1.0,22,False,0.27647999999999995,
1906,8.0,13,True,0.2761,
1907,-3.0,24,False,0.2757200000000001,
1908,-200.0,200,False,0.27534000000000003,
1909,-26.0,47,False,0.2749600000000001,
1910,-15.0,36,False,0.27458000000000005,
1911,1.0,20,True,0.2742,
1912,-12.0,33,False,0.27382000000000006,
1913,-49.0,70,False,0.27344,
1914,-3.0,24,False,0.2730600000000001,
1915,-8.0,29,False,0.27268000000000003,
1916,5.0,16,True,0.2723,
1917,-200.0,200,False,0.27192000000000005,
1918,5.0,16,True,0.27154,
1919,14.0,7,True,0.27116000000000007,
1920,-7.0,28,False,0.27078000000000013,
1921,-104.0,125,False,0.2704,
1922,-200.0,200,False,0.27002000000000004,
1923,-200.0,200,False,0.26964,
1924,2.0,19,True,0.26926000000000005,
1925,6.0,15,True,0.2688800000000001,
1926,1.0,20,True,0.26850000000000007,
1927,-142.0,163,False,0.26812,
1928,-41.0,62,False,0.26774,
1929,-5.0,26,False,0.26736000000000004,
1930,7.0,14,True,0.2669800000000001,
1931,-200.0,200,False,0.26660000000000006,
1932,10.0,11,True,0.26622,
1933,8.0,13,True,0.26583999999999997,
1934,-4.0,25,False,0.26546000000000003,
1935,4.0,17,True,0.2650800000000001,
1936,9.0,12,True,0.26470000000000005,
1937,-200.0,200,False,0.2643200000000001,
1938,-200.0,200,False,0.26393999999999995,
1939,-31.0,52,False,0.26356,
1940,-102.0,123,False,0.2631800000000001,
1941,5.0,16,True,0.26280000000000003,
1942,8.0,13,True,0.2624200000000001,
1943,-200.0,200,False,0.26203999999999994,
1944,-18.0,39,False,0.26166,
1945,-200.0,200,False,0.26128000000000007,
1946,5.0,16,True,0.2609,
1947,-47.0,68,False,0.2605200000000001,
1948,-4.0,25,False,0.26014000000000004,
1949,-19.0,40,False,0.25976,
1950,-38.0,59,False,0.25938000000000005,
1951,-120.0,141,False,0.259,
1952,-200.0,200,False,0.25862000000000007,
1953,-11.0,32,False,0.25824,
1954,-3.0,24,False,0.25786,
1955,-200.0,200,False,0.25748000000000004,
1956,-200.0,200,False,0.2571,
1957,-3.0,24,False,0.25672000000000006,
1958,5.0,16,True,0.25634,
1959,5.0,16,True,0.2559600000000001,
1960,-200.0,200,False,0.25558000000000003,
1961,7.0,14,True,0.2552,
1962,-200.0,200,False,0.25482000000000005,
1963,4.0,17,True,0.25444,
1964,-45.0,66,False,0.25406000000000006,
1965,12.0,9,True,0.25368,
1966,-10.0,31,False,0.25329999999999997,
1967,5.0,16,True,0.25292000000000003,
1968,-137.0,158,False,0.25254,
1969,-200.0,200,False,0.25216000000000005,
1970,0.0,21,True,0.2517800000000001,
1971,-150.0,171,False,0.25139999999999996,
1972,8.0,13,True,0.25102,
1973,-200.0,200,False,0.2506400000000001,
1974,-200.0,200,False,0.25026000000000004,
1975,9.0,12,True,0.2498800000000001,
1976,4.0,17,True,0.24950000000000006,
1977,-200.0,200,False,0.24912,
1978,10.0,11,True,0.24874000000000007,
1979,5.0,16,True,0.24836000000000003,
1980,4.0,17,True,0.2479800000000001,
1981,-126.0,147,False,0.24760000000000004,
1982,-4.0,25,False,0.24722,
1983,10.0,11,True,0.24684000000000006,
1984,4.0,17,True,0.24646,
1985,9.0,12,True,0.24608000000000008,
1986,-119.0,140,False,0.24570000000000003,
1987,-200.0,200,False,0.2453200000000001,
1988,5.0,16,True,0.24494000000000005,
1989,-200.0,200,False,0.24456,
1990,-12.0,33,False,0.24418000000000006,
1991,1.0,20,True,0.24380000000000002,
1992,-2.0,23,False,0.24342000000000008,
1993,8.0,13,True,0.24304000000000003,
1994,-200.0,200,False,0.24266,
1995,-28.0,49,False,0.24228000000000005,
1996,-200.0,200,False,0.2419,
1997,-200.0,200,False,0.24152000000000007,
1998,5.0,16,True,0.24114000000000013,
1999,6.0,15,True,0.24075999999999997,
2000,4.0,17,True,0.24038000000000004,
2001,2.0,19,True,0.24,
2002,-6.0,27,False,0.23962000000000006,
2003,-1.0,22,False,0.23924000000000012,
2004,7.0,14,True,0.23885999999999996,
2005,8.0,13,True,0.23848000000000003,
2006,-109.0,130,False,0.23809999999999998,
2007,-200.0,200,False,0.23772000000000004,
2008,-200.0,200,False,0.2373400000000001,
2009,10.0,11,True,0.23696000000000006,
2010,8.0,13,True,0.23658,
2011,6.0,15,True,0.23619999999999997,
2012,4.0,17,True,0.23582000000000003,
2013,8.0,13,True,0.2354400000000001,
2014,-42.0,63,False,0.23506000000000005,
2015,9.0,12,True,0.23468,
2016,-200.0,200,False,0.23429999999999995,
2017,-200.0,200,False,0.23392000000000002,
2018,-200.0,200,False,0.23354000000000008,
2019,15.0,6,True,0.23316000000000003,
2020,-54.0,75,False,0.2327800000000001,
2021,9.0,12,True,0.23239999999999994,
2022,-200.0,200,False,0.23202,
2023,-108.0,129,False,0.23164000000000007,
2024,-200.0,200,False,0.23126000000000002,
2025,-24.0,45,False,0.23088000000000009,
2026,5.0,16,True,0.23050000000000004,
2027,1.0,20,True,0.23012,
2028,9.0,12,True,0.22974000000000006,
2029,-4.0,25,False,0.22936,
2030,-18.0,39,False,0.22898000000000007,
2031,9.0,12,True,0.22860000000000003,
2032,-200.0,200,False,0.22821999999999998,
2033,-200.0,200,False,0.22784000000000004,
2034,-200.0,200,False,0.22746,
2035,14.0,7,True,0.22708000000000006,
2036,-200.0,200,False,0.22670000000000012,
2037,9.0,12,True,0.22632000000000008,
2038,6.0,15,True,0.22594000000000003,
2039,-64.0,85,False,0.22555999999999998,
2040,-38.0,59,False,0.22518000000000005,
2041,-23.0,44,False,0.2248000000000001,
2042,4.0,17,True,0.22442000000000006,
2043,1.0,20,True,0.22404000000000002,
2044,-10.0,31,False,0.22365999999999997,
2045,7.0,14,True,0.22328000000000003,
2046,-200.0,200,False,0.2229000000000001,
2047,-2.0,23,False,0.22252000000000005,
2048,9.0,12,True,0.22214000000000012,
2049,-200.0,200,False,0.22175999999999996,
2050,-200.0,200,False,0.22138000000000002,
2051,-200.0,200,False,0.22100000000000009,
2052,-171.0,192,False,0.22062000000000004,
2053,-200.0,200,False,0.2202400000000001,
2054,8.0,13,True,0.21985999999999994,
2055,7.0,14,True,0.21948,
2056,-33.0,54,False,0.21910000000000007,
2057,1.0,20,True,0.21872000000000003,
2058,-200.0,200,False,0.2183400000000001,
2059,-1.0,22,False,0.21796000000000004,
2060,-200.0,200,False,0.21758,
2061,-200.0,200,False,0.21720000000000006,
2062,7.0,14,True,0.21682,
2063,0.0,21,True,0.21644000000000008,
2064,-24.0,45,False,0.21606000000000003,
2065,11.0,10,True,0.21567999999999998,
2066,-4.0,25,False,0.21530000000000005,
2067,-200.0,200,False,0.21492,
2068,9.0,12,True,0.21454000000000006,
2069,6.0,15,True,0.21416000000000002,
2070,-200.0,200,False,0.21378000000000008,
2071,-1.0,22,False,0.21340000000000003,
2072,-17.0,38,False,0.21302,
2073,9.0,12,True,0.21264000000000005,
2074,7.0,14,True,0.21226,
2075,3.0,18,True,0.21188000000000007,
2076,-94.0,115,False,0.21150000000000002,
2077,10.0,11,True,0.21111999999999997,
2078,-4.0,25,False,0.21074000000000004,
2079,10.0,11,True,0.21036,
2080,14.0,7,True,0.20998000000000006,
2081,-200.0,200,False,0.20960000000000012,
2082,7.0,14,True,0.20921999999999996,
2083,7.0,14,True,0.20884000000000003,
2084,6.0,15,True,0.20845999999999998,
2085,-200.0,200,False,0.20808000000000004,
2086,9.0,12,True,0.2077000000000001,
2087,5.0,16,True,0.20732000000000006,
2088,11.0,10,True,0.20694,
2089,10.0,11,True,0.20655999999999997,
2090,-200.0,200,False,0.20618000000000003,
2091,2.0,19,True,0.2058000000000001,
2092,1.0,20,True,0.20542000000000005,
2093,0.0,21,True,0.20504,
2094,1.0,20,True,0.20465999999999995,
2095,9.0,12,True,0.20428000000000002,
2096,-200.0,200,False,0.20390000000000008,
2097,-200.0,200,False,0.20352000000000003,
2098,-200.0,200,False,0.2031400000000001,
2099,10.0,11,True,0.20276000000000005,
2100,-200.0,200,False,0.20238,
2101,9.0,12,True,0.20200000000000007,
2102,8.0,13,True,0.20162000000000002,
2103,-200.0,200,False,0.20124000000000009,
2104,5.0,16,True,0.20086000000000004,
2105,6.0,15,True,0.20048,
2106,-21.0,42,False,0.20010000000000006,
2107,-200.0,200,False,0.19972,
2108,7.0,14,True,0.19934000000000007,
2109,-200.0,200,False,0.19896000000000014,
2110,-200.0,200,False,0.19857999999999998,
2111,-200.0,200,False,0.19820000000000004,
2112,-200.0,200,False,0.19782,
2113,10.0,11,True,0.19744000000000006,
2114,-1.0,22,False,0.19706000000000012,
2115,9.0,12,True,0.19667999999999997,
2116,6.0,15,True,0.19630000000000003,
2117,-200.0,200,False,0.19591999999999998,
2118,-200.0,200,False,0.19554000000000005,
2119,-200.0,200,False,0.1951600000000001,
2120,10.0,11,True,0.19478000000000006,
2121,5.0,16,True,0.19440000000000002,
2122,10.0,11,True,0.19401999999999997,
2123,-23.0,44,False,0.19364000000000003,
2124,5.0,16,True,0.1932600000000001,
2125,-83.0,104,False,0.19288000000000005,
2126,-159.0,180,False,0.1925,
2127,9.0,12,True,0.19211999999999996,
2128,-1.0,22,False,0.19174000000000002,
2129,9.0,12,True,0.19136000000000009,
2130,6.0,15,True,0.19098000000000004,
2131,-200.0,200,False,0.1906000000000001,
2132,5.0,16,True,0.19021999999999994,
2133,-200.0,200,False,0.18984,
2134,7.0,14,True,0.18946000000000007,
2135,0.0,21,True,0.18908000000000003,
2136,9.0,12,True,0.1887000000000001,
2137,4.0,17,True,0.18832000000000004,
2138,9.0,12,True,0.18794,
2139,-200.0,200,False,0.18756000000000006,
2140,11.0,10,True,0.18718,
2141,-200.0,200,False,0.18680000000000008,
2142,-4.0,25,False,0.18642000000000003,
2143,5.0,16,True,0.18603999999999998,
2144,9.0,12,True,0.18566000000000005,
2145,9.0,12,True,0.18528,
2146,-114.0,135,False,0.18490000000000006,
2147,8.0,13,True,0.18452000000000002,
2148,-4.0,25,False,0.18414000000000008,
2149,-200.0,200,False,0.18376000000000003,
2150,4.0,17,True,0.18338,
2151,-60.0,81,False,0.18300000000000005,
2152,-200.0,200,False,0.18262,
2153,-11.0,32,False,0.18224000000000007,
2154,-200.0,200,False,0.18186000000000002,
2155,11.0,10,True,0.18147999999999997,
2156,-56.0,77,False,0.18110000000000004,
2157,-200.0,200,False,0.18072,
2158,8.0,13,True,0.18034000000000006,
2159,1.0,20,True,0.17996000000000012,
2160,11.0,10,True,0.17957999999999996,
2161,-200.0,200,False,0.17920000000000003,
2162,13.0,8,True,0.1788200000000001,
2163,4.0,17,True,0.17844000000000004,
2164,-200.0,200,False,0.1780600000000001,
2165,-200.0,200,False,0.17767999999999995,
2166,-67.0,88,False,0.1773,
2167,-200.0,200,False,0.17692000000000008,
2168,11.0,10,True,0.17654000000000003,
2169,-200.0,200,False,0.1761600000000001,
2170,11.0,10,True,0.17578000000000005,
2171,-200.0,200,False,0.1754,
2172,9.0,12,True,0.17502000000000006,
2173,-200.0,200,False,0.17464000000000002,
2174,12.0,9,True,0.17426000000000008,
2175,-200.0,200,False,0.17388000000000003,
2176,3.0,18,True,0.1735,
2177,12.0,9,True,0.17312000000000005,
2178,3.0,18,True,0.17274,
2179,-66.0,87,False,0.17236000000000007,
2180,-200.0,200,False,0.17198000000000002,
2181,6.0,15,True,0.17160000000000009,
2182,6.0,15,True,0.17122000000000004,
2183,5.0,16,True,0.17084,
2184,8.0,13,True,0.17046000000000006,
2185,9.0,12,True,0.17008,
2186,-200.0,200,False,0.16970000000000007,
2187,-200.0,200,False,0.16932000000000003,
2188,3.0,18,True,0.16893999999999998,
2189,7.0,14,True,0.16856000000000004,
2190,0.0,21,True,0.16818,
2191,3.0,18,True,0.16780000000000006,
2192,1.0,20,True,0.16742000000000012,
2193,-37.0,58,False,0.16703999999999997,
2194,-200.0,200,False,0.16666000000000003,
2195,-2.0,23,False,0.16627999999999998,
2196,-41.0,62,False,0.16590000000000005,
2197,6.0,15,True,0.1655200000000001,
2198,0.0,21,True,0.16514000000000006,
2199,9.0,12,True,0.16476000000000002,
2200,-200.0,200,False,0.16437999999999997,
2201,13.0,8,True,0.16400000000000003,
2202,-1.0,22,False,0.1636200000000001,
2203,13.0,8,True,0.16324000000000005,
2204,-7.0,28,False,0.16286,
2205,-200.0,200,False,0.16247999999999996,
2206,-200.0,200,False,0.16210000000000002,
2207,-2.0,23,False,0.16172000000000009,
2208,-200.0,200,False,0.16134000000000004,
2209,-200.0,200,False,0.1609600000000001,
2210,7.0,14,True,0.16057999999999995,
2211,-200.0,200,False,0.1602,
2212,9.0,12,True,0.15982000000000007,
2213,7.0,14,True,0.15944000000000003,
2214,10.0,11,True,0.1590600000000001,
2215,-200.0,200,False,0.15868000000000004,
2216,-74.0,95,False,0.1583,
2217,7.0,14,True,0.15792000000000006,
2218,-200.0,200,False,0.15754,
2219,-12.0,33,False,0.15716000000000008,
2220,10.0,11,True,0.15678000000000014,
2221,11.0,10,True,0.15639999999999998,
2222,-200.0,200,False,0.15602000000000005,
2223,15.0,6,True,0.15564,
2224,-200.0,200,False,0.15526000000000006,
2225,5.0,16,True,0.15488000000000013,
2226,-200.0,200,False,0.15450000000000008,
2227,8.0,13,True,0.15412000000000003,
2228,6.0,15,True,0.15374,
2229,14.0,7,True,0.15336000000000005,
2230,-200.0,200,False,0.15298000000000012,
2231,-200.0,200,False,0.15260000000000007,
2232,-200.0,200,False,0.15222000000000002,
2233,-56.0,77,False,0.15183999999999997,
2234,-200.0,200,False,0.15146000000000004,
2235,-136.0,157,False,0.1510800000000001,
2236,-200.0,200,False,0.15070000000000006,
2237,-18.0,39,False,0.15032000000000012,
2238,-200.0,200,False,0.14993999999999996,
2239,10.0,11,True,0.14956000000000003,
2240,-200.0,200,False,0.1491800000000001,
2241,-200.0,200,False,0.14880000000000004,
2242,1.0,20,True,0.1484200000000001,
2243,8.0,13,True,0.14803999999999995,
2244,8.0,13,True,0.14766,
2245,-68.0,89,False,0.14728000000000008,
2246,10.0,11,True,0.14690000000000003,
2247,-200.0,200,False,0.1465200000000001,
2248,-1.0,22,False,0.14614000000000005,
2249,12.0,9,True,0.14576,
2250,-200.0,200,False,0.14538000000000006,
2251,9.0,12,True,0.14500000000000002,
2252,-46.0,67,False,0.14462000000000008,
2253,-116.0,137,False,0.14424000000000003,
2254,-200.0,200,False,0.14386,
2255,7.0,14,True,0.14348000000000005,
2256,-200.0,200,False,0.1431,
2257,10.0,11,True,0.14272000000000007,
2258,-36.0,57,False,0.14234000000000002,
2259,-200.0,200,False,0.14196000000000009,
2260,8.0,13,True,0.14158000000000004,
2261,-200.0,200,False,0.1412,
2262,-200.0,200,False,0.14082000000000006,
2263,10.0,11,True,0.14044,
2264,9.0,12,True,0.14006000000000007,
2265,-7.0,28,False,0.13968000000000003,
2266,-200.0,200,False,0.13929999999999998,
2267,4.0,17,True,0.13892000000000004,
2268,-200.0,200,False,0.13854,
2269,7.0,14,True,0.13816000000000006,
2270,10.0,11,True,0.13778000000000012,
2271,-200.0,200,False,0.13739999999999997,
2272,4.0,17,True,0.13702000000000003,
2273,5.0,16,True,0.13663999999999998,
2274,-97.0,118,False,0.13626000000000005,
2275,9.0,12,True,0.1358800000000001,
2276,-200.0,200,False,0.13550000000000006,
2277,10.0,11,True,0.13512000000000002,
2278,-200.0,200,False,0.13473999999999997,
2279,-200.0,200,False,0.13436000000000003,
2280,7.0,14,True,0.1339800000000001,
2281,6.0,15,True,0.13360000000000005,
2282,-200.0,200,False,0.13322,
2283,-200.0,200,False,0.13284000000000007,
2284,-200.0,200,False,0.13246000000000002,
2285,-200.0,200,False,0.1320800000000001,
2286,-200.0,200,False,0.13170000000000004,
2287,-1.0,22,False,0.1313200000000001,
2288,8.0,13,True,0.13094000000000006,
2289,10.0,11,True,0.13056,
2290,10.0,11,True,0.13018000000000007,
2291,-200.0,200,False,0.12980000000000003,
2292,9.0,12,True,0.1294200000000001,
2293,-68.0,89,False,0.12904000000000004,
2294,-12.0,33,False,0.12866,
2295,13.0,8,True,0.12828000000000006,
2296,7.0,14,True,0.1279,
2297,-112.0,133,False,0.12752000000000008,
2298,-10.0,31,False,0.12714000000000014,
2299,-22.0,43,False,0.12675999999999998,
2300,3.0,18,True,0.12638000000000005,
2301,9.0,12,True,0.126,
2302,4.0,17,True,0.12562000000000006,
2303,-11.0,32,False,0.12524000000000013,
2304,12.0,9,True,0.12485999999999997,
2305,-200.0,200,False,0.12448000000000004,
2306,11.0,10,True,0.12409999999999999,
2307,7.0,14,True,0.12372000000000005,
2308,7.0,14,True,0.12334000000000012,
2309,-200.0,200,False,0.12296000000000007,
2310,8.0,13,True,0.12258000000000002,
2311,11.0,10,True,0.12219999999999998,
2312,2.0,19,True,0.12182000000000004,
2313,-200.0,200,False,0.1214400000000001,
2314,-1.0,22,False,0.12106000000000006,
2315,-200.0,200,False,0.12068000000000001,
2316,3.0,18,True,0.12029999999999996,
2317,-8.0,29,False,0.11992000000000003,
2318,6.0,15,True,0.11954000000000009,
2319,-200.0,200,False,0.11916000000000004,
2320,-200.0,200,False,0.11878000000000011,
2321,5.0,16,True,0.11839999999999995,
2322,-200.0,200,False,0.11802000000000001,
2323,-27.0,48,False,0.11764000000000008,
2324,-200.0,200,False,0.11726000000000003,
2325,-3.0,24,False,0.1168800000000001,
2326,7.0,14,True,0.11650000000000005,
2327,6.0,15,True,0.11612,
2328,-23.0,44,False,0.11574000000000007,
2329,11.0,10,True,0.11536000000000002,
2330,-12.0,33,False,0.11498000000000008,
2331,7.0,14,True,0.11460000000000004,
2332,6.0,15,True,0.11421999999999999,
2333,5.0,16,True,0.11384000000000005,
2334,-200.0,200,False,0.11346,
2335,-200.0,200,False,0.11308000000000007,
2336,8.0,13,True,0.11270000000000002,
2337,8.0,13,True,0.11232000000000009,
2338,9.0,12,True,0.11194000000000004,
2339,-200.0,200,False,0.11155999999999999,
2340,-200.0,200,False,0.11118000000000006,
2341,-200.0,200,False,0.11080000000000001,
2342,9.0,12,True,0.11042000000000007,
2343,12.0,9,True,0.11004000000000003,
2344,13.0,8,True,0.10965999999999998,
2345,7.0,14,True,0.10928000000000004,
2346,-200.0,200,False,0.10890000000000011,
2347,10.0,11,True,0.10852000000000006,
2348,8.0,13,True,0.10814000000000012,
2349,-200.0,200,False,0.10775999999999997,
2350,-200.0,200,False,0.10738000000000003,
2351,11.0,10,True,0.1070000000000001,
2352,11.0,10,True,0.10662000000000005,
2353,5.0,16,True,0.10624000000000011,
2354,-200.0,200,False,0.10585999999999995,
2355,8.0,13,True,0.10548000000000002,
2356,-200.0,200,False,0.10510000000000008,
2357,-200.0,200,False,0.10472000000000004,
2358,-200.0,200,False,0.1043400000000001,
2359,7.0,14,True,0.10396000000000005,
2360,-38.0,59,False,0.10358,
2361,8.0,13,True,0.10320000000000007,
2362,-27.0,48,False,0.10282000000000002,
2363,-4.0,25,False,0.10244000000000009,
2364,-200.0,200,False,0.10206000000000004,
2365,-200.0,200,False,0.10167999999999999,
2366,-200.0,200,False,0.10130000000000006,
2367,-200.0,200,False,0.10092000000000001,
2368,-200.0,200,False,0.10054000000000007,
2369,13.0,8,True,0.10016000000000003,
2370,-5.0,26,False,0.09978000000000009,
2371,-200.0,200,False,0.09940000000000004,
2372,12.0,9,True,0.09902,
2373,-7.0,28,False,0.09864000000000006,
2374,-200.0,200,False,0.09826000000000001,
2375,-84.0,105,False,0.09788000000000008,
2376,1.0,20,True,0.09750000000000003,
2377,11.0,10,True,0.09711999999999998,
2378,10.0,11,True,0.09674000000000005,
2379,-200.0,200,False,0.09636,
2380,-200.0,200,False,0.09598000000000007,
2381,7.0,14,True,0.09560000000000013,
2382,9.0,12,True,0.09521999999999997,
2383,6.0,15,True,0.09484000000000004,
2384,9.0,12,True,0.09445999999999999,
2385,10.0,11,True,0.09408000000000005,
2386,14.0,7,True,0.09370000000000012,
2387,9.0,12,True,0.09332000000000007,
2388,12.0,9,True,0.09294000000000002,
2389,-200.0,200,False,0.09255999999999998,
2390,14.0,7,True,0.09218000000000004,
2391,6.0,15,True,0.0918000000000001,
2392,4.0,17,True,0.09142000000000006,
2393,9.0,12,True,0.09104000000000001,
2394,7.0,14,True,0.09065999999999996,
2395,10.0,11,True,0.09028000000000003,
2396,6.0,15,True,0.08990000000000009,
2397,-152.0,173,False,0.08952000000000004,
2398,7.0,14,True,0.08914000000000011,
2399,11.0,10,True,0.08875999999999995,
2400,10.0,11,True,0.08838000000000001,
2401,7.0,14,True,0.08800000000000008,
2402,-200.0,200,False,0.08762000000000003,
2403,7.0,14,True,0.0872400000000001,
2404,11.0,10,True,0.08685999999999994,
2405,-200.0,200,False,0.08648,
2406,-200.0,200,False,0.08610000000000007,
2407,9.0,12,True,0.08572000000000002,
2408,-200.0,200,False,0.08534000000000008,
2409,-200.0,200,False,0.08496000000000015,
2410,8.0,13,True,0.08457999999999999,
2411,10.0,11,True,0.08420000000000005,
2412,12.0,9,True,0.08382,
2413,-200.0,200,False,0.08344000000000007,
2414,-200.0,200,False,0.08306000000000013,
2415,7.0,14,True,0.08267999999999998,
2416,10.0,11,True,0.08230000000000004,
2417,14.0,7,True,0.08191999999999999,
2418,-200.0,200,False,0.08154000000000006,
2419,11.0,10,True,0.08116000000000012,
2420,6.0,15,True,0.08078000000000007,
2421,-200.0,200,False,0.08040000000000003,
2422,4.0,17,True,0.08001999999999998,
2423,13.0,8,True,0.07964000000000004,
2424,-51.0,72,False,0.07926000000000011,
2425,7.0,14,True,0.07888000000000006,
2426,-200.0,200,False,0.07850000000000001,
2427,-200.0,200,False,0.07811999999999997,
2428,-85.0,106,False,0.07774000000000003,
2429,-200.0,200,False,0.0773600000000001,
2430,-200.0,200,False,0.07698000000000005,
2431,-200.0,200,False,0.07660000000000011,
2432,-8.0,29,False,0.07621999999999995,
2433,-200.0,200,False,0.07584000000000002,
2434,-200.0,200,False,0.07546000000000008,
2435,-200.0,200,False,0.07508000000000004,
2436,5.0,16,True,0.0747000000000001,
2437,-200.0,200,False,0.07432000000000005,
2438,8.0,13,True,0.07394,
2439,-6.0,27,False,0.07356000000000007,
2440,-200.0,200,False,0.07318000000000002,
2441,-200.0,200,False,0.07280000000000009,
2442,9.0,12,True,0.07242000000000004,
2443,-106.0,127,False,0.07203999999999999,
2444,-200.0,200,False,0.07166000000000006,
2445,11.0,10,True,0.07128000000000001,
2446,8.0,13,True,0.07090000000000007,
2447,11.0,10,True,0.07052000000000003,
2448,7.0,14,True,0.07014000000000009,
2449,9.0,12,True,0.06976000000000004,
2450,-200.0,200,False,0.06938,
2451,-200.0,200,False,0.06900000000000006,
2452,8.0,13,True,0.06862000000000001,
2453,-47.0,68,False,0.06824000000000008,
2454,6.0,15,True,0.06786000000000003,
2455,10.0,11,True,0.06747999999999998,
2456,-200.0,200,False,0.06710000000000005,
2457,-200.0,200,False,0.06672,
2458,-200.0,200,False,0.06634000000000007,
2459,5.0,16,True,0.06596000000000013,
2460,11.0,10,True,0.06557999999999997,
2461,-200.0,200,False,0.06520000000000004,
2462,11.0,10,True,0.06481999999999999,
2463,-200.0,200,False,0.06444000000000005,
2464,5.0,16,True,0.06406000000000012,
2465,-9.0,30,False,0.06367999999999996,
2466,-200.0,200,False,0.06330000000000002,
2467,8.0,13,True,0.06291999999999998,
2468,-200.0,200,False,0.06254000000000004,
2469,-200.0,200,False,0.062160000000000104,
2470,9.0,12,True,0.06178000000000006,
2471,7.0,14,True,0.06140000000000001,
2472,-200.0,200,False,0.061020000000000074,
2473,-47.0,68,False,0.06064000000000003,
2474,-170.0,191,False,0.06026000000000009,
2475,10.0,11,True,0.059880000000000044,
2476,13.0,8,True,0.0595,
2477,7.0,14,True,0.05912000000000006,
2478,-200.0,200,False,0.058740000000000014,
2479,11.0,10,True,0.05836000000000008,
2480,8.0,13,True,0.05798000000000003,
2481,9.0,12,True,0.057600000000000096,
2482,-142.0,163,False,0.05722000000000005,
2483,-48.0,69,False,0.05684,
2484,-200.0,200,False,0.056460000000000066,
2485,-118.0,139,False,0.05608000000000002,
2486,-53.0,74,False,0.05570000000000008,
2487,7.0,14,True,0.055320000000000036,
2488,-200.0,200,False,0.05493999999999999,
2489,5.0,16,True,0.05456000000000005,
2490,10.0,11,True,0.054180000000000006,
2491,-14.0,35,False,0.05380000000000007,
2492,11.0,10,True,0.053420000000000134,
2493,-200.0,200,False,0.053039999999999976,
2494,8.0,13,True,0.05266000000000004,
2495,-200.0,200,False,0.05227999999999999,
2496,-200.0,200,False,0.05190000000000006,
2497,-200.0,200,False,0.05152000000000012,
2498,11.0,10,True,0.051140000000000074,
2499,-200.0,200,False,0.05076000000000003,
2500,14.0,7,True,0.05037999999999998,
2501,-200.0,200,False,0.05,
2502,8.0,13,True,0.05,
2503,-200.0,200,False,0.05,
2504,-3.0,24,False,0.05,
2505,-200.0,200,False,0.05,
2506,-200.0,200,False,0.05,
2507,9.0,12,True,0.05,
2508,9.0,12,True,0.05,
2509,7.0,14,True,0.05,
2510,-200.0,200,False,0.05,
2511,-200.0,200,False,0.05,
2512,12.0,9,True,0.05,
2513,10.0,11,True,0.05,
2514,-200.0,200,False,0.05,
2515,-200.0,200,False,0.05,
2516,-200.0,200,False,0.05,
2517,10.0,11,True,0.05,
2518,-200.0,200,False,0.05,
2519,8.0,13,True,0.05,
2520,8.0,13,True,0.05,
2521,-200.0,200,False,0.05,
2522,9.0,12,True,0.05,
2523,-200.0,200,False,0.05,
2524,6.0,15,True,0.05,
2525,9.0,12,True,0.05,
2526,-200.0,200,False,0.05,
2527,-200.0,200,False,0.05,
2528,8.0,13,True,0.05,
2529,-38.0,59,False,0.05,
2530,6.0,15,True,0.05,
2531,-200.0,200,False,0.05,
2532,7.0,14,True,0.05,
2533,12.0,9,True,0.05,
2534,12.0,9,True,0.05,
2535,8.0,13,True,0.05,
2536,9.0,12,True,0.05,
2537,8.0,13,True,0.05,
2538,10.0,11,True,0.05,
2539,-200.0,200,False,0.05,
2540,9.0,12,True,0.05,
2541,12.0,9,True,0.05,
2542,-200.0,200,False,0.05,
2543,-200.0,200,False,0.05,
2544,-200.0,200,False,0.05,
2545,-200.0,200,False,0.05,
2546,-200.0,200,False,0.05,
2547,-200.0,200,False,0.05,
2548,10.0,11,True,0.05,
2549,8.0,13,True,0.05,
2550,10.0,11,True,0.05,
2551,9.0,12,True,0.05,
2552,6.0,15,True,0.05,
2553,-168.0,189,False,0.05,
2554,-200.0,200,False,0.05,
2555,10.0,11,True,0.05,
2556,2.0,19,True,0.05,
2557,-200.0,200,False,0.05,
2558,8.0,13,True,0.05,
2559,-200.0,200,False,0.05,
2560,-200.0,200,False,0.05,
2561,10.0,11,True,0.05,
2562,-200.0,200,False,0.05,
2563,-200.0,200,False,0.05,
2564,-61.0,82,False,0.05,
2565,15.0,6,True,0.05,
2566,12.0,9,True,0.05,
2567,11.0,10,True,0.05,
2568,9.0,12,True,0.05,
2569,8.0,13,True,0.05,
2570,9.0,12,True,0.05,
2571,-200.0,200,False,0.05,
2572,8.0,13,True,0.05,
2573,5.0,16,True,0.05,
2574,12.0,9,True,0.05,
2575,-200.0,200,False,0.05,
2576,6.0,15,True,0.05,
2577,10.0,11,True,0.05,
2578,-48.0,69,False,0.05,
2579,12.0,9,True,0.05,
2580,-67.0,88,False,0.05,
2581,-200.0,200,False,0.05,
2582,-200.0,200,False,0.05,
2583,-200.0,200,False,0.05,
2584,11.0,10,True,0.05,
2585,-125.0,146,False,0.05,
2586,11.0,10,True,0.05,
2587,7.0,14,True,0.05,
2588,-200.0,200,False,0.05,
2589,-200.0,200,False,0.05,
2590,9.0,12,True,0.05,
2591,-200.0,200,False,0.05,
2592,8.0,13,True,0.05,
2593,10.0,11,True,0.05,
2594,-200.0,200,False,0.05,
2595,-200.0,200,False,0.05,
2596,-200.0,200,False,0.05,
2597,10.0,11,True,0.05,
2598,9.0,12,True,0.05,
2599,11.0,10,True,0.05,
2600,10.0,11,True,0.05,
2601,14.0,7,True,0.05,
2602,-21.0,42,False,0.05,
2603,7.0,14,True,0.05,
2604,13.0,8,True,0.05,
2605,-200.0,200,False,0.05,
2606,-200.0,200,False,0.05,
2607,11.0,10,True,0.05,
2608,7.0,14,True,0.05,
2609,-200.0,200,False,0.05,
2610,-200.0,200,False,0.05,
2611,-200.0,200,False,0.05,
2612,10.0,11,True,0.05,
2613,5.0,16,True,0.05,
2614,14.0,7,True,0.05,
2615,9.0,12,True,0.05,
2616,9.0,12,True,0.05,
2617,-102.0,123,False,0.05,
2618,-200.0,200,False,0.05,
2619,-104.0,125,False,0.05,
2620,9.0,12,True,0.05,
2621,-200.0,200,False,0.05,
2622,4.0,17,True,0.05,
2623,-200.0,200,False,0.05,
2624,12.0,9,True,0.05,
2625,11.0,10,True,0.05,
2626,-67.0,88,False,0.05,
2627,-51.0,72,False,0.05,
2628,-200.0,200,False,0.05,
2629,9.0,12,True,0.05,
2630,10.0,11,True,0.05,
2631,-200.0,200,False,0.05,
2632,9.0,12,True,0.05,
2633,-200.0,200,False,0.05,
2634,10.0,11,True,0.05,
2635,-200.0,200,False,0.05,
2636,12.0,9,True,0.05,
2637,6.0,15,True,0.05,
2638,-200.0,200,False,0.05,
2639,-200.0,200,False,0.05,
2640,-200.0,200,False,0.05,
2641,-200.0,200,False,0.05,
2642,-13.0,34,False,0.05,
2643,10.0,11,True,0.05,
2644,-200.0,200,False,0.05,
2645,-157.0,178,False,0.05,
2646,-70.0,91,False,0.05,
2647,-200.0,200,False,0.05,
2648,-200.0,200,False,0.05,
2649,13.0,8,True,0.05,
2650,11.0,10,True,0.05,
2651,-200.0,200,False,0.05,
2652,-200.0,200,False,0.05,
2653,10.0,11,True,0.05,
2654,8.0,13,True,0.05,
2655,-200.0,200,False,0.05,
2656,-200.0,200,False,0.05,
2657,9.0,12,True,0.05,
2658,11.0,10,True,0.05,
2659,-200.0,200,False,0.05,
2660,-80.0,101,False,0.05,
2661,10.0,11,True,0.05,
2662,-70.0,91,False,0.05,
2663,11.0,10,True,0.05,
2664,-200.0,200,False,0.05,
2665,-90.0,111,False,0.05,
2666,-200.0,200,False,0.05,
2667,-88.0,109,False,0.05,
2668,8.0,13,True,0.05,
2669,10.0,11,True,0.05,
2670,8.0,13,True,0.05,
2671,-200.0,200,False,0.05,
2672,13.0,8,True,0.05,
2673,-200.0,200,False,0.05,
2674,-200.0,200,False,0.05,
2675,9.0,12,True,0.05,
2676,-200.0,200,False,0.05,
2677,-200.0,200,False,0.05,
2678,-64.0,85,False,0.05,
2679,-200.0,200,False,0.05,
2680,-200.0,200,False,0.05,
2681,-200.0,200,False,0.05,
2682,-200.0,200,False,0.05,
2683,7.0,14,True,0.05,
2684,7.0,14,True,0.05,
2685,7.0,14,True,0.05,
2686,10.0,11,True,0.05,
2687,-13.0,34,False,0.05,
2688,12.0,9,True,0.05,
2689,-200.0,200,False,0.05,
2690,9.0,12,True,0.05,
2691,11.0,10,True,0.05,
2692,10.0,11,True,0.05,
2693,13.0,8,True,0.05,
2694,7.0,14,True,0.05,
2695,-200.0,200,False,0.05,
2696,-78.0,99,False,0.05,
2697,7.0,14,True,0.05,
2698,11.0,10,True,0.05,
2699,7.0,14,True,0.05,
2700,-200.0,200,False,0.05,
2701,7.0,14,True,0.05,
2702,9.0,12,True,0.05,
2703,8.0,13,True,0.05,
2704,-200.0,200,False,0.05,
2705,6.0,15,True,0.05,
2706,-200.0,200,False,0.05,
2707,11.0,10,True,0.05,
2708,10.0,11,True,0.05,
2709,-200.0,200,False,0.05,
2710,-200.0,200,False,0.05,
2711,-200.0,200,False,0.05,
2712,8.0,13,True,0.05,
2713,-200.0,200,False,0.05,
2714,11.0,10,True,0.05,
2715,11.0,10,True,0.05,
2716,-200.0,200,False,0.05,
2717,-200.0,200,False,0.05,
2718,8.0,13,True,0.05,
2719,10.0,11,True,0.05,
2720,10.0,11,True,0.05,
2721,-200.0,200,False,0.05,
2722,10.0,11,True,0.05,
2723,9.0,12,True,0.05,
2724,-144.0,165,False,0.05,
2725,-200.0,200,False,0.05,
2726,12.0,9,True,0.05,
2727,9.0,12,True,0.05,
2728,10.0,11,True,0.05,
2729,9.0,12,True,0.05,
2730,-200.0,200,False,0.05,
2731,10.0,11,True,0.05,
2732,-200.0,200,False,0.05,
2733,-200.0,200,False,0.05,
2734,8.0,13,True,0.05,
2735,-200.0,200,False,0.05,
2736,-200.0,200,False,0.05,
2737,7.0,14,True,0.05,
2738,7.0,14,True,0.05,
2739,-200.0,200,False,0.05,
2740,-200.0,200,False,0.05,
2741,-200.0,200,False,0.05,
2742,-200.0,200,False,0.05,
2743,6.0,15,True,0.05,
2744,13.0,8,True,0.05,
2745,10.0,11,True,0.05,
2746,-52.0,73,False,0.05,
2747,-200.0,200,False,0.05,
2748,8.0,13,True,0.05,
2749,-62.0,83,False,0.05,
2750,9.0,12,True,0.05,
2751,7.0,14,True,0.05,
2752,13.0,8,True,0.05,
2753,-200.0,200,False,0.05,
2754,-200.0,200,False,0.05,
2755,12.0,9,True,0.05,
2756,9.0,12,True,0.05,
2757,7.0,14,True,0.05,
2758,8.0,13,True,0.05,
2759,-26.0,47,False,0.05,
2760,11.0,10,True,0.05,
2761,-50.0,71,False,0.05,
2762,-200.0,200,False,0.05,
2763,-200.0,200,False,0.05,
2764,8.0,13,True,0.05,
2765,-200.0,200,False,0.05,
2766,-200.0,200,False,0.05,
2767,-200.0,200,False,0.05,
2768,-200.0,200,False,0.05,
2769,-138.0,159,False,0.05,
2770,-120.0,141,False,0.05,
2771,6.0,15,True,0.05,
2772,8.0,13,True,0.05,
2773,-200.0,200,False,0.05,
2774,12.0,9,True,0.05,
2775,-200.0,200,False,0.05,
2776,8.0,13,True,0.05,
2777,9.0,12,True,0.05,
2778,-200.0,200,False,0.05,
2779,11.0,10,True,0.05,
2780,-200.0,200,False,0.05,
2781,-78.0,99,False,0.05,
2782,7.0,14,True,0.05,
2783,-200.0,200,False,0.05,
2784,9.0,12,True,0.05,
2785,8.0,13,True,0.05,
2786,7.0,14,True,0.05,
2787,-200.0,200,False,0.05,
2788,9.0,12,True,0.05,
2789,9.0,12,True,0.05,
2790,-30.0,51,False,0.05,
2791,10.0,11,True,0.05,
2792,15.0,6,True,0.05,
2793,13.0,8,True,0.05,
2794,-200.0,200,False,0.05,
2795,-200.0,200,False,0.05,
2796,14.0,7,True,0.05,
2797,12.0,9,True,0.05,
2798,6.0,15,True,0.05,
2799,-200.0,200,False,0.05,
2800,12.0,9,True,0.05,
2801,11.0,10,True,0.05,
2802,9.0,12,True,0.05,
2803,12.0,9,True,0.05,
2804,8.0,13,True,0.05,
2805,-200.0,200,False,0.05,
2806,-200.0,200,False,0.05,
2807,-200.0,200,False,0.05,
2808,8.0,13,True,0.05,
2809,-200.0,200,False,0.05,
2810,10.0,11,True,0.05,
2811,11.0,10,True,0.05,
2812,-2.0,23,False,0.05,
2813,13.0,8,True,0.05,
2814,-200.0,200,False,0.05,
2815,-200.0,200,False,0.05,
2816,15.0,6,True,0.05,
2817,-200.0,200,False,0.05,
2818,-200.0,200,False,0.05,
2819,-122.0,143,False,0.05,
2820,-200.0,200,False,0.05,
2821,-200.0,200,False,0.05,
2822,5.0,16,True,0.05,
2823,4.0,17,True,0.05,
2824,9.0,12,True,0.05,
2825,-200.0,200,False,0.05,
2826,-200.0,200,False,0.05,
2827,-200.0,200,False,0.05,
2828,-200.0,200,False,0.05,
2829,8.0,13,True,0.05,
2830,-200.0,200,False,0.05,
2831,10.0,11,True,0.05,
2832,10.0,11,True,0.05,
2833,8.0,13,True,0.05,
2834,-200.0,200,False,0.05,
2835,13.0,8,True,0.05,
2836,-200.0,200,False,0.05,
2837,10.0,11,True,0.05,
2838,9.0,12,True,0.05,
2839,9.0,12,True,0.05,
2840,-200.0,200,False,0.05,
2841,-200.0,200,False,0.05,
2842,8.0,13,True,0.05,
2843,10.0,11,True,0.05,
2844,10.0,11,True,0.05,
2845,-200.0,200,False,0.05,
2846,-200.0,200,False,0.05,
2847,9.0,12,True,0.05,
2848,4.0,17,True,0.05,
2849,9.0,12,True,0.05,
2850,-200.0,200,False,0.05,
2851,10.0,11,True,0.05,
2852,-200.0,200,False,0.05,
2853,11.0,10,True,0.05,
2854,-200.0,200,False,0.05,
2855,5.0,16,True,0.05,
2856,-70.0,91,False,0.05,
2857,3.0,18,True,0.05,
2858,-200.0,200,False,0.05,
2859,-200.0,200,False,0.05,
2860,-200.0,200,False,0.05,
2861,-110.0,131,False,0.05,
2862,11.0,10,True,0.05,
2863,-200.0,200,False,0.05,
2864,-72.0,93,False,0.05,
2865,-200.0,200,False,0.05,
2866,4.0,17,True,0.05,
2867,9.0,12,True,0.05,
2868,8.0,13,True,0.05,
2869,11.0,10,True,0.05,
2870,-200.0,200,False,0.05,
2871,9.0,12,True,0.05,
2872,12.0,9,True,0.05,
2873,6.0,15,True,0.05,
2874,7.0,14,True,0.05,
2875,12.0,9,True,0.05,
2876,9.0,12,True,0.05,
2877,9.0,12,True,0.05,
2878,-165.0,186,False,0.05,
2879,10.0,11,True,0.05,
2880,6.0,15,True,0.05,
2881,4.0,17,True,0.05,
2882,-200.0,200,False,0.05,
2883,10.0,11,True,0.05,
2884,-200.0,200,False,0.05,
2885,-200.0,200,False,0.05,
2886,10.0,11,True,0.05,
2887,9.0,12,True,0.05,
2888,-200.0,200,False,0.05,
2889,2.0,19,True,0.05,
2890,-200.0,200,False,0.05,
2891,-34.0,55,False,0.05,
2892,6.0,15,True,0.05,
2893,-200.0,200,False,0.05,
2894,-200.0,200,False,0.05,
2895,-200.0,200,False,0.05,
2896,8.0,13,True,0.05,
2897,-200.0,200,False,0.05,
2898,-200.0,200,False,0.05,
2899,-200.0,200,False,0.05,
2900,9.0,12,True,0.05,
2901,9.0,12,True,0.05,
2902,8.0,13,True,0.05,
2903,-200.0,200,False,0.05,
2904,-200.0,200,False,0.05,
2905,10.0,11,True,0.05,
2906,-200.0,200,False,0.05,
2907,-200.0,200,False,0.05,
2908,-200.0,200,False,0.05,
2909,-200.0,200,False,0.05,
2910,-76.0,97,False,0.05,
2911,-200.0,200,False,0.05,
2912,-200.0,200,False,0.05,
2913,7.0,14,True,0.05,
2914,-200.0,200,False,0.05,
2915,11.0,10,True,0.05,
2916,9.0,12,True,0.05,
2917,7.0,14,True,0.05,
2918,-200.0,200,False,0.05,
2919,9.0,12,True,0.05,
2920,-200.0,200,False,0.05,
2921,-2.0,23,False,0.05,
2922,4.0,17,True,0.05,
2923,-81.0,102,False,0.05,
2924,8.0,13,True,0.05,
2925,7.0,14,True,0.05,
2926,-200.0,200,False,0.05,
2927,10.0,11,True,0.05,
2928,9.0,12,True,0.05,
2929,5.0,16,True,0.05,
2930,-200.0,200,False,0.05,
2931,8.0,13,True,0.05,
2932,-200.0,200,False,0.05,
2933,8.0,13,True,0.05,
2934,7.0,14,True,0.05,
2935,12.0,9,True,0.05,
2936,-200.0,200,False,0.05,
2937,-48.0,69,False,0.05,
2938,8.0,13,True,0.05,
2939,-200.0,200,False,0.05,
2940,-200.0,200,False,0.05,
2941,8.0,13,True,0.05,
2942,9.0,12,True,0.05,
2943,-200.0,200,False,0.05,
2944,-115.0,136,False,0.05,
2945,-200.0,200,False,0.05,
2946,6.0,15,True,0.05,
2947,12.0,9,True,0.05,
2948,14.0,7,True,0.05,
2949,-200.0,200,False,0.05,
2950,-200.0,200,False,0.05,
2951,-200.0,200,False,0.05,
2952,-200.0,200,False,0.05,
2953,7.0,14,True,0.05,
2954,-200.0,200,False,0.05,
2955,-18.0,39,False,0.05,
2956,-200.0,200,False,0.05,
2957,-200.0,200,False,0.05,
2958,-200.0,200,False,0.05,
2959,13.0,8,True,0.05,
2960,-200.0,200,False,0.05,
2961,-200.0,200,False,0.05,
2962,9.0,12,True,0.05,
2963,-200.0,200,False,0.05,
2964,13.0,8,True,0.05,
2965,10.0,11,True,0.05,
2966,-200.0,200,False,0.05,
2967,8.0,13,True,0.05,
2968,10.0,11,True,0.05,
2969,6.0,15,True,0.05,
2970,-3.0,24,False,0.05,
2971,-200.0,200,False,0.05,
2972,7.0,14,True,0.05,
2973,6.0,15,True,0.05,
2974,12.0,9,True,0.05,
2975,-200.0,200,False,0.05,
2976,9.0,12,True,0.05,
2977,11.0,10,True,0.05,
2978,-200.0,200,False,0.05,
2979,-200.0,200,False,0.05,
2980,-114.0,135,False,0.05,
2981,8.0,13,True,0.05,
2982,7.0,14,True,0.05,
2983,-159.0,180,False,0.05,
2984,8.0,13,True,0.05,
2985,-132.0,153,False,0.05,
2986,7.0,14,True,0.05,
2987,-200.0,200,False,0.05,
2988,-200.0,200,False,0.05,
2989,8.0,13,True,0.05,
2990,9.0,12,True,0.05,
2991,-200.0,200,False,0.05,
2992,8.0,13,True,0.05,
2993,7.0,14,True,0.05,
2994,-200.0,200,False,0.05,
2995,10.0,11,True,0.05,
2996,12.0,9,True,0.05,
2997,-88.0,109,False,0.05,
2998,10.0,11,True,0.05,
2999,9.0,12,True,0.05,
3000,10.0,11,True,0.05,
